Q1,Q2,Q3,Q4,Q5,Q6,Q7,Q8,Q9,Q10,score,gender,age
1,1,2,1,1,4,2,3,3,1,19,1,41
2,1,1,1,1,2,1,2,1,2,14,1,50
2,1,1,1,1,4,1,1,1,2,15,1,23
2,1,1,1,1,4,1,1,1,4,17,1,42
1,1,1,1,1,2,1,1,1,1,11,2,36
2,3,2,1,2,4,1,4,4,1,24,1,29
1,2,1,1,1,2,1,1,1,1,12,1,24
1,2,1,1,2,3,1,1,3,2,17,1,35
2,2,2,1,1,2,1,4,4,2,21,1,26
1,2,1,1,1,2,1,4,3,2,18,1,43
2,1,1,1,2,1,1,1,1,4,15,1,21
2,1,1,1,2,4,1,1,4,2,19,2,39
3,2,3,2,3,3,2,2,3,3,26,1,37
1,1,2,2,1,4,3,2,2,2,20,1,64
2,1,1,1,1,2,2,1,1,1,13,2,28
2,1,1,1,1,3,2,1,2,3,17,1,46
4,4,4,4,4,4,3,2,4,4,37,1,34
3,2,1,1,2,3,1,1,1,1,16,1,31
4,4,2,1,1,2,3,3,3,1,24,1,43
2,1,1,1,2,4,1,1,1,1,15,2,47
4,3,3,2,4,4,4,4,4,4,36,2,28
1,1,1,1,1,2,1,1,1,1,11,2,21
3,3,0,2,2,4,3,4,4,4,29,1,23
2,2,3,4,3,4,3,3,3,4,31,1,22
2,1,2,1,3,3,2,2,3,1,20,1,28
2,2,1,2,3,3,2,1,2,3,21,1,23
2,1,2,1,3,4,1,2,2,2,20,2,47
2,1,2,2,1,3,2,3,3,4,23,1,61
4,4,4,4,4,4,4,4,3,4,39,1,22
4,3,3,2,3,3,4,4,4,1,31,1,36
4,3,4,3,3,4,2,3,1,4,31,2,16
1,2,3,2,4,4,4,4,2,4,30,1,40
3,3,3,3,4,4,4,3,3,3,33,2,33
1,3,3,2,4,3,2,4,4,2,28,2,16
2,2,2,2,2,2,2,2,2,2,20,1,36
3,2,2,1,4,4,3,4,4,1,28,2,30
2,3,4,2,3,4,2,2,4,3,29,1,56
2,1,1,1,3,4,2,3,4,4,25,2,22
4,4,3,1,1,3,1,3,4,3,27,1,24
2,2,2,2,4,4,4,4,1,4,29,1,49
2,1,1,1,1,3,2,2,1,1,15,2,31
2,2,1,1,3,3,2,2,1,2,19,1,51
2,3,4,4,4,4,3,4,3,2,33,2,18
1,2,2,1,2,4,2,2,2,1,19,1,46
2,4,2,4,2,2,1,1,4,4,26,2,24
2,2,2,2,1,3,3,3,3,2,23,1,36
3,3,4,2,3,3,3,3,2,3,29,1,20
2,2,1,1,1,3,1,1,1,1,14,2,18
2,2,2,3,2,3,2,2,3,2,23,1,18
2,1,1,1,1,0,2,1,1,1,11,1,45
2,3,2,2,1,4,2,2,2,1,21,1,21
3,4,4,4,4,4,3,4,4,4,38,1,23
3,3,2,2,2,2,2,2,1,3,22,1,50
2,0,1,2,2,4,1,1,1,1,15,1,26
1,1,1,1,1,3,1,1,1,3,14,2,32
2,2,2,1,2,3,3,2,2,2,21,1,18
2,1,1,1,1,4,1,1,1,3,16,0,30
3,2,4,2,3,4,1,2,3,4,28,1,32
1,1,2,2,1,2,3,2,2,1,17,1,26
3,2,1,1,4,4,2,3,2,3,25,2,45
4,3,4,4,4,4,2,1,1,4,31,1,15
4,3,3,3,3,4,2,3,2,3,30,1,30
4,1,2,2,3,4,1,1,2,3,23,1,23
1,3,4,3,2,4,4,4,4,3,32,1,27
2,2,2,2,3,3,3,3,3,2,25,2,25
1,1,2,1,3,4,1,2,1,1,17,2,39
2,2,2,1,2,2,2,2,2,2,19,1,59
1,1,2,1,1,4,4,2,4,4,24,2,41
2,1,1,1,2,3,3,3,3,2,21,1,58
3,3,4,4,4,4,4,4,4,3,37,2,22
2,1,2,1,4,4,2,0,1,4,21,2,23
1,1,1,1,1,2,1,1,1,1,11,2,26
1,1,1,2,1,2,1,1,1,1,12,1,19
3,4,4,2,3,4,4,4,4,3,35,1,27
2,2,3,1,3,2,1,2,3,4,23,1,27
1,2,2,1,2,2,2,2,2,2,18,1,26
2,1,1,1,3,2,1,1,1,3,16,1,20
2,4,2,2,2,4,2,3,1,1,23,2,16
1,1,2,1,1,4,2,2,1,1,16,2,21
4,4,1,1,1,3,1,3,3,1,22,1,64
1,1,4,1,1,1,1,1,2,4,17,1,25
2,2,2,1,2,4,2,2,2,2,21,2,51
1,1,2,1,1,4,1,1,4,1,17,1,18
2,2,2,2,2,3,1,2,1,2,19,1,43
1,4,3,1,1,3,3,3,4,1,24,1,16
3,2,3,2,2,4,2,3,4,4,29,2,39
3,3,2,4,1,4,3,4,1,4,29,1,32
4,1,1,1,3,3,4,3,3,3,26,1,19
2,2,2,2,1,3,2,1,3,3,21,1,27
3,3,1,1,1,3,2,3,1,1,19,1,20
4,3,2,1,2,2,2,1,4,3,24,1,28
2,1,2,1,1,4,2,3,4,4,24,1,30
3,1,1,1,2,3,1,2,1,3,18,1,18
4,4,4,4,4,4,4,4,4,4,40,1,40
2,1,1,1,1,1,2,1,1,1,12,2,29
3,2,2,1,2,3,2,2,2,2,21,1,24
4,2,4,1,2,4,2,3,3,4,29,1,29
2,2,1,1,2,4,2,1,3,4,22,1,33
1,3,3,3,3,3,2,4,4,3,29,1,26
4,4,4,4,4,4,4,4,4,0,36,1,40
4,3,4,4,4,4,4,4,4,4,39,2,34
1,1,2,1,2,2,1,1,2,2,15,2,37
1,2,2,1,1,3,2,1,1,1,15,1,14
3,3,3,3,3,3,2,4,3,4,31,1,38
1,1,1,1,2,2,1,1,1,1,12,2,35
1,1,1,0,4,4,2,1,4,1,19,1,19
3,2,2,2,4,2,3,3,3,4,28,1,20
1,3,2,1,2,4,2,2,4,2,23,2,18
2,2,1,1,1,2,1,1,2,1,14,2,22
1,1,1,1,1,3,1,1,1,1,12,1,35
3,4,0,4,4,4,4,4,4,1,32,2,35
2,2,2,1,4,2,2,2,2,1,20,1,28
3,3,4,2,2,4,4,4,4,2,32,2,34
3,4,3,4,4,4,3,4,2,3,34,1,41
1,2,1,1,1,3,1,2,2,1,15,1,45
3,3,2,3,2,2,2,2,2,2,23,1,22
2,3,4,3,4,4,3,4,4,2,33,2,33
3,3,4,3,3,4,3,4,4,2,33,1,30
2,1,1,2,1,4,2,2,1,2,18,1,59
2,1,1,2,1,2,2,1,2,1,15,2,23
1,1,3,1,1,4,2,2,4,4,23,1,47
1,1,2,2,2,2,1,2,2,2,17,1,34
2,2,2,3,2,3,3,2,4,1,24,2,20
4,2,3,3,4,4,3,4,2,3,32,1,28
3,4,4,4,4,4,2,2,3,4,34,1,25
2,1,1,1,1,2,1,1,1,1,12,2,22
1,1,1,1,1,4,1,1,1,1,13,2,27
1,2,2,1,1,3,1,2,2,2,17,1,18
4,4,4,2,1,3,4,3,4,1,30,1,48
2,2,2,1,2,4,4,4,3,4,28,1,37
4,3,2,1,3,3,3,3,2,3,27,1,59
4,2,3,2,4,2,3,3,3,3,29,2,36
3,3,3,3,4,4,2,3,4,2,31,1,36
1,3,3,2,2,4,2,2,2,1,22,2,26
1,1,1,1,1,2,1,1,1,1,11,2,25
3,4,4,4,4,4,3,3,3,3,35,2,42
2,3,3,2,2,4,4,3,4,2,29,2,25
3,3,4,3,3,4,2,2,4,4,32,1,23
2,1,2,2,1,2,2,2,2,1,17,2,30
3,2,3,2,4,3,3,3,3,3,29,2,44
3,3,2,2,1,4,2,2,3,3,25,1,25
2,1,1,1,2,2,1,2,1,1,14,1,27
4,4,4,4,1,3,2,2,2,3,29,1,36
2,1,1,3,1,2,1,1,1,3,16,2,18
3,2,2,2,1,3,2,1,1,4,21,1,43
3,1,1,3,3,1,1,4,2,1,20,2,19
3,0,3,3,2,3,3,2,3,4,26,1,39
3,3,3,3,4,4,4,3,3,4,34,1,32
4,4,3,4,2,4,2,2,2,4,31,2,23
3,3,2,3,2,3,3,4,4,4,31,2,28
2,2,2,3,2,2,2,3,2,2,22,2,27
1,1,2,1,1,2,1,1,1,1,12,1,25
1,1,1,1,4,4,4,4,4,3,27,2,28
3,2,2,1,1,2,1,1,2,3,18,1,40
4,4,2,1,1,4,1,1,3,3,24,1,55
3,3,4,3,3,4,3,3,2,4,32,1,48
4,4,4,4,4,4,4,4,4,3,39,1,15
3,3,4,2,4,3,2,3,2,4,30,2,29
2,1,1,1,2,3,1,2,3,1,17,2,21
3,2,3,2,3,4,3,3,1,2,26,1,29
3,2,2,2,3,3,2,2,2,3,24,2,23
2,3,3,2,1,4,1,2,1,1,20,2,15
2,3,3,2,1,4,2,2,3,4,26,1,33
1,1,2,2,2,3,1,1,1,1,15,1,18
1,3,2,2,1,3,3,3,2,1,21,1,19
4,4,4,4,4,4,4,4,4,4,40,1,19
1,2,3,1,2,4,2,4,4,3,26,2,23
2,2,3,3,4,4,3,2,4,1,28,2,20
4,2,2,1,2,4,3,3,2,4,27,1,41
4,4,4,4,2,3,4,4,4,3,36,2,19
1,1,1,1,1,4,1,3,4,2,19,2,20
1,3,2,2,2,3,3,3,3,3,25,1,33
1,1,1,1,2,3,2,2,2,3,18,1,27
1,4,2,1,2,4,2,4,4,1,25,1,41
4,4,4,4,4,4,4,4,4,4,40,3,100
1,1,1,1,1,3,1,1,1,1,12,1,23
1,2,1,1,3,3,1,3,1,2,18,1,25
3,2,1,2,1,4,2,1,2,4,22,2,24
4,4,4,4,4,4,4,4,4,4,40,2,24
3,3,2,2,4,4,2,2,3,4,29,1,22
4,2,2,1,1,4,2,3,1,1,21,2,21
1,1,2,2,2,4,1,2,1,1,17,1,22
1,1,1,1,2,4,2,2,1,2,17,1,31
1,3,1,1,4,4,1,3,4,1,23,1,37
3,2,3,2,4,4,4,3,1,4,30,1,16
3,2,1,1,2,2,4,1,2,1,19,2,28
1,2,1,1,1,2,2,2,2,1,15,1,15
3,1,1,1,1,4,1,1,4,4,21,1,25
4,4,4,1,4,4,2,4,4,4,35,2,18
4,3,2,2,1,2,1,1,1,4,21,1,18
2,4,3,4,4,4,4,4,4,4,37,1,31
2,1,1,1,2,4,1,2,1,1,16,1,23
2,2,2,1,2,2,2,3,2,3,21,1,14
3,2,2,1,1,3,2,1,1,3,19,1,56
1,1,1,1,1,2,1,1,2,3,14,1,27
3,2,2,2,1,2,1,2,3,3,21,1,23
4,4,3,4,2,2,3,4,4,1,31,1,22
2,2,2,3,1,1,1,1,1,3,17,1,33
2,1,2,1,1,1,1,1,2,1,13,1,25
2,2,3,3,2,3,2,2,2,3,24,2,23
2,1,2,2,3,3,4,2,1,2,22,1,28
1,1,2,1,1,3,1,1,2,3,16,1,32
4,4,3,3,2,3,1,1,2,4,27,1,45
4,3,2,2,1,2,1,3,3,2,23,1,31
4,3,2,2,2,3,2,3,3,4,28,2,19
3,2,1,1,1,2,2,1,1,1,15,1,30
2,2,1,1,1,4,1,2,2,3,19,1,45
2,2,4,2,2,4,3,3,3,3,28,2,40
2,2,3,2,2,3,1,2,3,3,23,1,22
3,4,3,1,4,4,2,3,4,4,32,1,46
1,1,1,1,1,4,2,2,1,1,15,1,42
4,4,3,1,2,2,4,4,2,3,29,1,23
3,3,3,1,3,4,4,2,1,4,28,2,28
1,2,3,1,3,3,1,1,1,1,17,1,21
2,1,1,1,1,2,1,1,2,3,15,1,55
2,1,2,3,1,2,1,2,4,1,19,2,15
2,1,2,2,2,3,2,2,1,4,21,1,22
1,2,2,1,3,2,1,2,2,4,20,1,34
2,2,3,1,2,4,2,3,4,4,27,2,20
1,2,1,1,2,3,1,3,1,1,16,1,24
3,3,2,1,2,4,3,3,4,4,29,1,46
3,4,4,3,4,4,4,4,4,3,37,1,24
3,4,4,4,2,3,3,3,4,2,32,1,59
3,3,4,3,4,4,2,1,1,4,29,1,25
1,1,1,1,2,4,2,4,4,3,23,1,19
3,4,4,4,4,4,3,2,4,4,36,1,43
4,3,3,3,2,3,3,3,4,4,32,1,21
0,0,4,0,0,0,0,0,0,0,4,2,56
2,1,1,2,2,2,1,1,1,2,15,2,22
1,1,1,1,1,4,1,1,1,1,13,1,48
4,4,4,4,2,4,3,3,2,4,34,1,32
1,1,2,2,1,2,1,1,1,1,13,1,20
2,3,2,2,3,2,3,3,3,2,25,2,21
1,1,1,1,1,1,1,1,1,3,12,1,65
4,3,2,1,2,4,2,1,1,4,24,2,33
1,1,1,1,1,1,1,1,1,1,10,1,33
4,4,3,2,4,2,4,4,3,2,32,2,25
2,2,3,2,2,4,2,3,2,4,26,2,47
3,2,3,3,3,3,2,3,4,4,30,1,25
4,4,4,4,4,4,4,4,4,4,40,2,33
3,1,2,3,2,4,3,3,3,3,27,1,35
3,2,2,1,3,2,0,3,3,4,23,1,26
4,3,4,2,4,4,3,4,4,4,36,2,18
2,1,1,1,1,3,1,1,3,2,16,2,32
1,1,2,2,2,3,1,2,3,1,18,2,29
1,2,2,1,3,3,3,2,2,2,21,2,27
3,3,3,2,2,4,2,1,1,3,24,2,17
1,2,1,1,2,2,1,1,3,1,15,1,15
1,2,1,2,1,2,1,1,1,2,14,1,45
3,2,1,1,2,4,2,2,1,4,22,1,55
4,3,3,1,3,4,2,2,4,4,30,1,48
4,3,1,1,1,4,1,1,4,1,21,1,38
4,4,2,2,2,4,2,3,3,4,30,2,26
1,1,1,1,1,1,1,1,1,1,10,2,30
4,4,3,4,3,3,3,4,4,2,34,1,30
1,1,2,1,3,4,3,3,1,1,20,1,22
4,4,4,4,2,4,4,4,4,4,38,1,32
1,3,4,4,4,4,4,4,4,4,36,1,24
2,1,1,1,1,3,1,2,2,3,17,1,20
2,3,4,2,1,4,4,4,4,4,32,1,25
2,3,1,1,1,3,2,1,3,1,18,1,33
2,3,1,1,1,1,1,1,1,1,13,1,30
1,2,3,2,4,4,3,3,2,3,27,2,16
3,3,2,3,1,3,1,1,3,1,21,2,27
4,4,3,3,4,4,2,4,3,3,34,2,48
4,4,4,3,4,4,4,4,4,4,39,1,56
2,3,4,4,2,3,3,3,3,3,30,2,28
1,1,1,1,2,2,1,1,1,1,12,1,25
2,1,1,1,1,1,1,1,1,2,12,1,18
2,2,2,3,1,2,1,1,2,3,19,1,35
2,2,2,3,2,4,3,2,4,1,25,2,21
1,3,2,2,2,3,2,1,2,3,21,1,18
4,4,4,4,4,4,4,4,4,4,40,1,22
1,1,1,2,1,4,1,1,1,1,14,1,29
1,1,1,1,1,2,2,1,1,1,12,2,29
4,3,1,1,2,3,1,1,3,4,23,1,77
4,4,4,3,2,2,3,3,4,1,30,1,44
2,1,4,3,3,4,1,1,1,3,23,2,19
4,1,2,2,4,4,3,1,1,4,26,1,45
1,2,1,1,2,4,2,3,1,4,21,1,34
1,2,1,1,1,1,1,1,1,1,11,2,41
4,4,4,2,2,4,3,4,1,1,29,0,26
2,2,2,1,1,2,1,2,3,2,18,1,45
3,2,2,2,4,2,1,3,3,2,24,1,28
1,1,4,1,3,4,2,3,1,4,24,2,29
1,2,2,1,1,0,2,4,4,3,20,1,29
2,3,3,3,3,3,3,3,3,3,29,2,45
3,3,2,2,1,2,1,2,1,2,19,1,29
3,2,3,2,1,2,2,1,1,3,20,1,26
3,3,3,4,4,4,3,0,4,2,30,2,18
2,2,3,1,2,4,2,2,2,3,23,2,20
4,3,3,4,4,4,2,3,4,4,35,1,16
1,1,1,1,2,2,1,1,2,1,13,1,42
1,2,1,1,1,3,2,3,1,4,19,1,40
2,1,1,2,3,3,2,2,1,3,20,1,18
2,1,4,1,3,4,1,2,1,4,23,1,20
1,1,1,2,2,3,2,2,3,2,19,1,25
2,3,4,4,3,4,4,3,2,4,33,1,32
3,4,4,3,2,4,3,3,4,2,32,1,44
1,2,2,3,2,3,3,3,3,1,23,1,34
1,1,1,1,1,4,1,2,4,2,18,2,21
1,1,2,2,2,2,3,2,3,1,19,2,20
1,1,1,1,1,2,1,1,1,3,13,1,36
3,3,0,1,3,3,2,4,3,4,26,1,29
1,1,2,1,4,4,4,3,1,1,22,2,23
4,2,2,1,4,4,3,3,1,1,25,2,22
4,3,1,4,4,3,3,3,3,2,30,2,32
4,3,3,4,2,4,3,4,1,1,29,1,19
4,4,4,4,4,4,4,4,4,4,40,2,35
1,1,1,1,1,1,1,1,1,1,10,2,49
3,2,2,2,1,2,2,1,2,2,19,1,36
2,1,2,1,1,3,1,1,2,2,16,1,44
2,2,2,2,2,2,2,2,3,3,22,1,24
2,2,4,4,1,3,1,1,3,1,22,2,16
2,2,2,3,3,4,4,4,4,4,32,1,36
3,3,3,3,2,4,1,2,3,4,28,2,29
2,3,3,3,4,4,3,4,0,3,29,2,18
2,2,1,1,1,2,1,2,2,3,17,2,24
4,4,4,2,2,3,2,2,4,4,31,1,28
2,2,3,3,3,3,3,3,3,4,29,2,42
4,4,4,4,4,4,3,3,4,4,38,1,38
1,1,1,2,2,2,2,2,1,2,16,1,15
3,2,2,1,2,4,1,3,3,1,22,1,35
3,3,3,2,2,4,2,2,2,4,27,1,57
3,3,3,3,2,3,2,3,4,1,27,1,33
4,4,4,4,3,4,4,1,2,3,33,2,15
2,1,2,1,4,4,4,2,4,1,25,0,31
2,2,2,2,1,2,2,3,4,4,24,1,21
1,2,2,2,1,2,2,2,2,1,17,1,31
1,1,1,1,2,2,1,1,1,2,13,1,61
2,3,2,3,3,3,4,3,3,1,27,1,40
4,4,2,2,3,3,2,3,1,3,27,1,48
1,1,1,1,1,2,1,1,1,2,12,1,37
2,1,1,1,1,1,1,1,1,2,12,1,21
4,4,4,4,4,4,4,4,4,4,40,1,20
2,2,2,1,2,3,2,3,2,1,20,1,40
4,4,3,2,2,4,3,2,4,4,32,2,20
1,1,2,2,1,4,1,1,1,1,15,1,15
1,1,1,1,1,2,1,1,1,1,11,1,36
3,3,3,3,3,3,3,3,3,3,30,1,40
1,1,1,1,4,4,1,3,3,1,20,2,17
1,2,2,2,1,3,1,1,3,1,17,1,21
3,4,3,3,3,3,3,3,3,3,31,1,17
2,2,2,2,2,2,2,2,2,2,20,1,27
2,1,2,1,3,4,2,2,3,3,23,2,36
3,3,3,2,3,4,2,2,1,3,26,1,42
2,4,4,1,4,4,4,4,4,1,32,1,60
4,4,4,4,3,4,4,4,4,4,39,2,39
4,4,4,4,2,4,4,3,1,3,33,1,52
1,1,2,2,1,1,1,1,1,2,13,2,24
4,4,4,3,4,4,4,4,4,4,39,1,27
1,1,2,1,2,2,1,1,1,1,13,2,23
1,1,1,1,1,1,1,1,1,1,10,1,16
3,4,3,3,4,4,4,4,4,3,36,2,24
2,2,2,1,2,3,2,3,2,1,20,1,27
4,3,3,3,3,4,3,3,2,4,32,1,34
4,4,2,2,4,4,4,4,2,4,34,1,20
2,3,4,4,4,4,3,3,2,2,31,2,18
2,2,3,3,4,3,2,2,1,1,23,1,19
1,1,1,1,1,2,1,1,1,1,11,1,49
3,2,2,2,1,2,2,2,1,2,19,1,25
1,1,1,1,1,4,1,2,1,3,16,2,18
1,2,2,2,1,1,1,2,1,1,14,1,30
1,1,1,1,0,1,1,1,1,1,9,2,19
1,2,1,1,1,4,2,3,4,1,20,1,45
2,1,2,2,2,4,2,2,3,2,22,2,24
1,1,2,2,2,4,1,1,1,1,16,1,20
2,2,1,2,2,3,2,1,1,1,17,1,38
2,1,1,1,2,2,1,1,1,2,14,1,18
4,4,2,2,1,3,2,3,4,2,27,2,24
2,4,3,1,2,3,3,3,4,1,26,1,20
2,2,2,3,1,4,1,1,2,3,21,1,36
1,1,2,1,1,2,1,1,2,1,13,1,26
4,4,4,3,4,4,4,4,4,4,39,2,22
2,2,2,3,2,3,3,3,4,4,28,1,21
1,1,2,1,1,4,2,2,4,2,20,1,25
2,1,1,1,1,1,1,1,1,1,11,2,46
1,2,2,2,2,2,1,1,4,2,19,1,25
3,2,3,0,4,3,4,4,1,1,25,1,26
2,3,2,1,2,4,2,3,4,3,26,1,30
4,1,3,1,2,4,3,3,1,3,25,2,21
1,2,2,2,3,4,3,3,4,1,25,1,28
1,1,1,1,1,2,1,1,1,2,12,1,42
2,1,1,1,1,4,2,1,1,3,17,1,30
4,4,4,4,4,4,3,4,4,4,39,2,28
2,3,4,3,3,4,3,3,3,3,31,1,24
4,3,3,4,3,4,3,4,3,3,34,2,43
4,4,4,4,4,4,4,4,1,2,35,1,16
2,1,1,1,1,4,1,1,1,4,17,1,27
3,3,2,2,4,4,3,4,3,3,31,2,18
2,2,2,1,2,3,1,2,1,3,19,1,32
3,4,3,1,2,1,4,4,4,4,30,1,24
4,4,4,3,2,3,2,3,4,3,32,1,39
4,4,4,2,4,4,3,3,3,4,35,2,26
4,4,4,4,4,4,4,4,4,4,40,1,36
2,2,3,1,3,3,2,3,4,2,25,1,19
2,3,4,2,3,1,2,3,3,4,27,1,20
1,1,1,1,1,1,1,1,1,1,10,1,20
3,3,3,1,3,1,3,3,2,3,25,1,40
3,3,3,3,4,4,3,3,3,4,33,2,42
4,4,4,2,4,4,3,4,4,3,36,1,27
2,4,3,2,4,4,4,3,4,2,32,1,28
2,3,3,2,4,4,2,3,4,4,31,2,19
2,3,1,1,1,2,2,1,3,1,17,1,31
1,1,1,1,1,3,1,0,4,2,15,1,59
2,1,2,2,2,3,1,2,1,2,18,1,22
4,3,4,3,4,4,4,4,4,4,38,2,31
4,3,3,4,2,4,3,3,4,4,34,1,33
2,2,3,1,3,4,3,0,2,3,23,1,34
3,3,1,1,1,4,1,1,4,1,20,1,26
3,1,1,1,1,3,1,1,1,1,14,1,53
3,1,2,1,1,4,2,3,1,1,19,1,21
3,2,2,2,4,4,1,1,1,4,24,1,26
2,2,3,3,1,2,0,2,4,4,23,2,27
2,2,2,2,4,4,3,2,1,2,24,1,40
4,3,4,2,4,4,4,4,2,3,34,1,38
2,2,4,4,3,4,1,2,2,1,25,2,19
1,3,2,1,4,4,3,4,0,1,23,2,19
2,2,2,3,1,2,1,1,1,1,16,1,24
4,4,4,3,4,4,3,4,4,4,38,2,24
2,1,1,1,3,3,1,1,1,2,16,2,25
3,3,4,3,4,3,3,2,3,3,31,1,24
1,2,1,1,3,2,2,2,2,3,19,1,36
2,1,1,2,1,3,1,1,1,3,16,1,44
3,2,2,2,2,2,2,3,3,3,24,1,40
2,1,2,1,2,3,2,2,3,3,21,1,35
1,1,1,1,1,2,2,1,3,1,14,2,15
3,4,4,2,2,4,3,4,4,0,30,1,25
2,2,3,2,2,4,2,2,3,4,26,1,32
2,3,2,1,4,4,4,3,4,1,28,1,19
4,4,4,4,4,4,4,4,4,4,40,2,33
1,2,1,2,1,3,1,1,2,3,17,1,21
1,1,1,1,2,3,1,1,2,1,14,1,20
1,2,1,2,3,1,2,3,3,2,20,2,26
1,1,2,1,3,3,2,2,2,1,18,2,19
1,1,2,2,1,3,1,2,1,2,16,1,14
2,2,1,2,2,2,2,2,3,1,19,2,21
4,4,3,2,3,3,4,2,3,4,32,2,40
4,2,4,1,1,2,2,1,2,1,20,1,40
4,4,3,4,2,4,3,4,4,4,36,1,28
1,1,2,1,1,3,1,1,1,1,13,1,19
2,2,3,1,2,2,1,1,3,2,19,1,25
1,1,1,2,1,2,1,1,2,1,13,2,21
1,2,2,1,1,4,4,3,2,1,21,1,24
2,2,2,2,1,3,3,2,2,1,20,1,27
4,4,3,2,2,4,3,3,3,3,31,1,60
1,1,1,1,2,3,1,1,1,1,13,2,31
3,3,4,4,3,4,4,4,4,4,37,2,38
2,2,2,1,4,4,2,3,1,4,25,1,31
2,3,3,2,4,4,3,4,4,4,33,1,15
1,1,2,1,2,4,1,3,2,1,18,1,24
1,2,2,1,2,2,2,2,2,2,18,1,44
4,2,2,3,1,3,2,1,3,4,25,1,62
3,2,2,3,3,2,3,2,3,2,25,1,56
3,3,2,1,2,2,3,2,2,1,21,1,77
2,2,2,2,2,4,2,1,3,3,23,1,35
3,4,3,2,2,3,3,3,3,1,27,1,19
2,1,2,1,3,4,2,2,1,4,22,1,18
4,1,1,1,4,4,1,2,1,4,23,2,29
1,1,1,1,4,3,1,3,4,1,20,1,18
2,2,3,3,3,3,1,2,3,2,24,2,29
1,2,2,1,3,2,2,3,4,2,22,1,27
2,1,2,1,1,3,1,1,2,4,18,2,28
2,3,3,2,1,2,2,2,3,3,23,1,37
2,2,4,2,4,4,1,3,3,1,26,2,18
2,2,2,1,1,2,3,3,4,3,23,2,22
1,1,1,1,1,2,1,1,2,1,12,1,22
2,2,2,2,1,2,2,2,2,2,19,1,48
2,2,1,1,1,4,1,3,2,2,19,2,19
3,2,2,2,4,3,3,3,2,2,26,2,21
1,2,1,1,2,3,2,1,1,1,15,1,37
3,4,2,1,2,2,2,2,4,4,26,1,25
2,1,2,1,1,4,3,2,1,1,18,1,31
4,4,4,4,4,4,3,2,3,4,36,1,34
4,4,4,1,1,3,1,2,4,2,26,1,45
4,2,3,3,4,4,4,4,4,2,34,1,26
1,1,1,2,1,2,1,1,0,1,11,2,21
2,2,2,1,2,4,4,2,3,1,23,1,24
2,2,2,4,2,3,1,1,4,4,25,1,42
4,4,3,3,3,4,2,2,2,4,31,2,31
1,3,1,2,1,3,3,3,2,4,23,1,24
4,4,2,4,4,4,4,4,4,3,37,2,18
1,1,1,1,1,2,1,1,1,1,11,2,21
4,3,3,2,3,4,4,4,2,4,33,1,22
2,4,4,1,4,4,4,4,4,4,35,1,24
4,4,2,2,2,4,2,3,1,4,28,2,27
4,2,4,1,4,4,4,3,1,3,30,2,33
4,4,2,2,4,3,3,4,3,4,33,1,39
3,3,3,3,3,3,3,3,3,3,30,2,27
1,2,4,2,4,4,4,4,4,4,33,1,17
1,2,2,2,3,4,3,3,3,2,25,1,18
2,2,2,1,1,2,1,2,2,3,18,1,25
1,1,1,1,2,1,1,1,1,4,14,2,55
1,1,1,1,1,2,1,1,1,1,11,2,27
4,4,3,3,3,3,2,3,1,4,30,2,29
1,1,1,1,1,2,1,1,2,1,12,1,19
3,3,3,3,4,3,2,2,2,4,29,1,24
2,1,1,1,2,3,1,1,2,3,17,1,33
2,1,1,1,1,3,2,2,3,2,18,2,24
1,1,1,1,1,2,1,1,1,1,11,2,22
2,2,1,1,3,3,1,2,3,3,21,1,36
3,2,3,3,2,4,2,3,4,2,28,1,23
1,2,2,2,4,4,2,2,1,1,21,1,20
2,1,2,1,1,4,1,1,1,2,16,1,41
3,3,3,2,2,4,4,2,4,3,30,2,24
2,2,1,1,2,2,1,1,1,4,17,1,24
3,1,1,1,1,1,2,1,1,2,14,1,38
3,3,4,3,2,3,1,1,3,4,27,2,19
3,4,2,3,4,4,2,4,3,2,31,1,38
3,2,2,1,1,2,3,2,2,3,21,1,46
4,4,4,4,4,4,4,4,4,4,40,2,19
1,1,3,1,1,4,1,3,1,2,18,2,26
1,3,2,2,1,1,1,1,1,1,14,1,42
2,2,1,2,2,2,1,3,2,3,20,2,18
1,1,1,1,1,2,1,1,2,2,13,2,51
2,2,2,2,2,2,2,3,2,2,21,1,71
2,2,1,1,1,2,1,1,2,4,17,1,37
4,4,4,2,4,4,3,4,4,1,34,2,37
2,2,2,1,1,3,2,3,3,2,21,1,38
3,2,1,2,2,1,2,2,1,3,19,2,20
2,1,1,1,1,2,1,1,1,1,12,2,47
3,2,2,4,4,3,1,2,1,4,26,1,24
2,2,2,2,4,3,2,2,3,1,23,1,19
1,1,1,1,1,2,1,1,1,1,11,1,52
2,1,1,2,1,3,1,2,2,2,17,1,24
2,2,2,1,2,2,2,2,3,2,20,1,45
2,2,1,1,1,4,4,3,4,4,26,1,32
4,4,3,3,2,2,2,2,4,2,28,2,20
1,1,1,1,2,2,1,2,2,1,14,2,36
1,1,2,2,1,2,1,1,1,2,14,1,78
2,2,4,2,2,4,3,3,4,4,30,1,23
1,1,2,1,1,3,1,1,2,2,15,1,42
1,1,1,1,1,4,1,2,4,4,20,2,51
2,2,1,1,1,2,1,1,2,2,15,1,49
1,1,1,1,2,3,2,1,0,3,15,1,23
2,2,2,4,2,3,2,2,2,3,24,1,23
4,4,4,3,4,4,4,3,3,4,37,2,22
4,4,0,2,3,3,3,4,4,2,29,2,20
3,3,3,1,1,3,2,1,3,2,22,1,38
4,4,4,4,4,4,1,2,1,2,30,1,20
3,3,2,3,1,4,3,2,4,3,28,1,50
4,3,4,4,4,4,4,4,4,4,39,1,34
3,3,4,3,2,2,2,2,3,4,28,1,32
3,4,4,3,2,3,3,3,3,3,31,1,23
1,2,1,1,1,2,1,1,1,1,12,2,39
1,1,1,1,1,4,1,1,1,1,13,1,30
3,2,1,1,3,2,1,1,2,3,19,1,32
1,3,4,3,2,4,4,1,3,2,27,2,20
3,2,4,3,4,3,3,2,4,3,31,1,28
3,2,2,3,2,4,1,2,4,3,26,2,27
2,3,2,1,1,4,2,1,1,3,20,2,27
1,1,2,2,4,3,2,2,1,1,19,1,18
4,4,3,1,2,4,2,3,4,4,31,2,21
2,1,3,3,3,3,2,2,1,2,22,1,24
4,3,3,1,1,3,2,2,2,1,22,1,29
3,2,3,2,3,4,3,2,3,4,29,1,20
1,1,1,1,1,2,1,1,1,1,11,1,49
4,3,3,2,2,4,1,2,3,4,28,1,23
4,4,3,3,4,3,4,4,3,3,35,2,23
1,2,1,1,2,1,4,4,1,1,18,1,32
4,4,4,4,3,4,4,4,2,4,37,2,15
3,2,4,2,3,4,4,4,3,2,31,1,34
2,3,2,1,1,1,2,2,2,1,17,1,23
1,1,1,1,1,1,1,1,2,1,11,1,25
1,2,4,3,1,4,1,1,4,1,22,2,27
4,3,3,2,4,4,3,4,4,1,32,2,22
3,2,3,2,4,4,3,3,4,4,32,1,26
2,1,1,2,1,2,1,1,1,1,13,1,25
1,1,1,1,1,4,1,1,1,1,13,1,40
2,1,2,2,1,4,1,2,3,1,19,1,31
1,2,1,1,2,2,1,2,3,1,16,1,32
1,2,2,1,3,3,2,2,2,3,21,1,46
1,1,1,1,2,2,1,1,1,1,12,1,25
2,3,3,2,2,1,3,3,2,1,22,1,33
1,1,1,1,1,2,1,1,1,1,11,2,30
2,3,3,4,4,4,3,2,3,4,32,2,17
2,3,2,1,1,1,2,2,1,1,16,2,31
1,2,2,2,1,3,1,1,1,1,15,1,30
3,3,3,3,3,3,3,2,3,3,29,2,40
2,4,4,4,3,3,3,3,4,1,31,1,24
1,1,2,2,1,3,2,2,1,1,16,1,16
2,3,2,3,2,4,2,2,1,2,23,1,61
2,2,2,2,2,2,1,1,3,2,19,1,25
3,3,2,3,3,3,3,3,4,4,31,2,27
1,2,1,1,1,2,1,1,1,1,12,2,31
2,1,3,3,3,4,3,3,4,4,30,2,29
4,2,2,2,3,4,2,2,1,2,24,1,25
3,2,1,2,3,2,3,2,2,1,21,2,34
3,2,2,1,2,3,4,3,1,4,25,1,33
3,4,4,4,4,4,4,4,4,4,39,1,33
1,2,2,1,1,4,2,2,4,1,20,2,34
2,1,1,4,3,4,3,2,1,1,22,1,21
3,3,4,3,4,4,4,4,3,4,36,1,21
3,3,2,4,2,2,2,3,3,2,26,1,26
4,4,3,3,3,3,3,3,3,3,32,2,24
2,2,3,3,3,4,2,3,3,2,27,1,21
3,1,2,3,1,2,2,1,2,1,18,1,22
1,2,1,1,1,4,1,3,4,1,19,2,21
2,2,3,4,2,4,2,2,2,3,26,1,21
3,2,2,2,1,4,4,4,4,4,30,1,22
2,1,1,1,3,2,1,2,2,4,19,1,33
2,1,2,2,2,4,2,2,1,2,20,1,26
1,3,1,1,3,3,2,2,2,2,20,1,27
4,3,3,3,4,4,4,3,4,4,36,2,25
3,2,3,2,4,4,1,3,3,1,26,2,19
1,1,1,1,1,1,1,1,2,2,12,2,47
2,2,2,1,2,2,2,1,2,1,17,1,45
1,3,3,0,1,3,2,2,0,4,19,1,46
2,2,2,3,1,2,1,2,2,1,18,1,39
1,1,1,1,2,2,1,1,1,1,12,1,17
3,3,2,2,1,4,2,3,3,4,27,1,43
1,4,2,2,4,4,3,2,1,1,24,1,18
2,2,2,1,1,1,2,3,3,2,19,1,30
4,4,2,1,1,4,4,4,4,3,31,1,24
3,2,1,1,2,4,2,2,3,4,24,1,47
4,1,2,2,3,3,4,3,2,4,28,1,22
2,1,1,1,4,4,3,1,1,3,21,1,30
3,3,3,3,4,4,3,2,4,4,33,1,32
3,2,2,1,1,4,1,1,4,2,21,1,24
2,4,3,3,4,4,4,4,4,4,36,1,44
3,4,4,4,4,4,4,4,3,3,37,1,24
3,1,2,2,2,4,2,2,3,3,24,2,25
3,2,2,2,4,4,3,3,2,1,26,1,32
1,2,1,3,2,4,4,4,4,2,27,1,22
1,2,1,1,2,1,1,1,1,1,12,1,19
3,3,2,1,1,3,3,3,3,3,25,1,34
4,4,3,3,3,4,4,4,3,3,35,2,33
1,1,1,4,4,4,1,2,3,1,22,2,22
3,4,3,2,2,4,1,2,4,3,28,1,23
2,4,2,3,2,4,3,3,4,2,29,2,16
4,2,4,3,1,4,2,2,2,4,28,1,44
2,1,2,1,1,3,2,1,3,2,18,1,48
2,2,2,2,2,4,2,3,3,2,24,2,25
1,1,2,2,1,3,1,2,1,1,15,2,24
1,1,2,2,1,2,2,2,1,1,15,1,24
1,1,1,1,3,3,2,3,2,1,18,2,21
3,3,1,1,1,3,1,1,2,3,19,1,43
1,1,1,1,1,1,1,1,1,1,10,1,20
4,4,4,2,4,4,3,4,3,4,36,1,28
1,1,2,2,2,4,2,2,1,4,21,1,35
2,1,2,3,2,4,2,1,2,2,21,1,33
4,3,3,1,4,4,3,4,2,4,32,1,44
3,3,3,3,2,4,3,4,4,4,33,1,34
1,1,1,1,1,2,1,1,2,1,12,1,54
3,4,3,2,3,2,3,4,3,3,30,1,41
2,1,2,1,2,2,2,1,1,2,16,1,31
3,3,3,1,3,3,2,2,2,3,25,2,20
3,3,4,4,2,2,3,3,4,3,31,2,25
2,1,1,1,2,2,2,1,1,1,14,1,27
3,3,4,4,4,4,4,4,4,1,35,1,41
2,3,2,1,1,4,2,2,4,4,25,1,46
3,3,3,3,3,3,3,3,3,2,29,2,17
3,1,1,1,2,3,1,1,1,2,16,1,23
3,1,1,1,2,2,2,2,2,1,17,1,21
3,4,4,4,4,4,3,4,4,4,38,1,44
2,1,2,1,1,4,1,1,1,2,16,2,39
3,2,1,1,2,3,2,2,4,3,23,1,52
2,3,2,1,3,3,2,1,2,3,22,1,46
3,2,2,2,3,3,2,2,1,4,24,1,25
2,2,2,1,2,3,2,2,2,2,20,1,40
2,3,4,2,2,4,3,3,2,3,28,1,56
4,2,2,3,4,4,4,4,3,4,34,1,28
2,2,2,2,2,3,2,3,2,4,24,1,51
1,1,2,1,4,4,1,1,2,2,19,2,16
1,1,1,1,1,2,3,2,3,1,16,1,20
4,3,4,4,3,4,4,2,3,2,33,2,23
1,1,1,1,2,1,1,1,1,1,11,1,48
1,2,2,1,2,4,2,3,2,4,23,1,54
4,3,3,3,4,4,4,4,4,3,36,2,25
1,3,3,1,1,0,1,2,3,1,16,1,54
1,1,1,1,1,1,1,1,1,1,10,1,56
3,3,2,1,1,2,2,2,2,2,20,1,42
4,4,3,3,4,4,4,4,4,1,35,1,42
1,4,3,3,4,2,2,2,2,3,26,1,25
1,1,1,1,1,2,2,2,3,1,15,1,40
2,3,1,1,2,4,1,1,3,3,21,2,27
2,3,2,1,1,3,1,2,3,1,19,1,28
1,1,1,1,1,2,1,1,1,1,11,1,22
1,2,3,3,1,4,0,3,4,2,23,2,22
2,3,3,3,2,4,4,3,4,3,31,1,42
4,2,2,1,2,4,2,1,1,4,23,1,37
3,3,4,4,2,3,3,4,3,3,32,1,17
2,2,1,2,1,4,1,2,1,1,17,1,18
1,1,1,1,1,2,1,1,1,3,13,1,57
2,2,2,1,1,3,2,2,3,1,19,1,47
4,4,4,4,4,4,3,4,4,3,38,2,37
2,2,3,2,1,4,1,2,4,3,24,1,26
2,1,2,1,2,4,1,1,1,4,19,1,48
2,1,3,1,1,4,3,3,3,1,22,1,45
3,3,3,2,4,2,3,3,3,3,29,1,32
1,1,2,1,2,1,1,1,2,1,13,2,26
4,2,4,2,4,4,4,4,3,3,34,1,29
2,3,3,2,3,4,3,3,4,2,29,2,40
1,4,4,4,4,4,4,4,4,3,36,1,18
4,3,4,4,3,4,4,3,3,3,35,1,29
2,3,2,1,1,4,3,3,4,4,27,1,36
3,3,3,1,2,2,2,3,4,3,26,1,36
3,2,2,2,3,3,2,2,2,3,24,1,20
2,2,2,1,1,2,1,1,1,2,15,1,71
4,1,4,1,4,4,4,4,1,4,31,1,32
1,1,1,1,1,1,1,1,1,1,10,2,28
4,4,4,4,2,4,1,2,4,4,33,1,63
2,2,3,4,2,4,3,3,4,2,29,2,29
1,4,3,3,1,2,1,3,3,3,24,1,52
2,2,1,2,1,1,1,1,1,2,14,2,35
4,3,3,2,2,4,4,4,4,4,34,1,31
2,2,2,2,2,2,2,2,2,2,20,1,28
2,1,1,1,2,3,2,2,2,3,19,2,22
3,4,4,2,3,4,4,3,0,3,30,1,20
2,1,1,1,1,3,1,1,1,2,14,1,26
2,3,4,3,2,3,2,3,3,2,27,1,25
1,1,1,1,2,2,1,2,2,1,14,2,31
2,1,2,2,1,2,2,1,1,2,16,1,30
3,1,1,1,1,3,1,1,1,3,16,1,48
3,4,4,2,4,3,4,4,1,1,30,2,19
4,3,4,2,4,4,3,3,4,4,35,1,31
3,3,3,2,3,3,4,3,4,2,30,1,67
1,2,2,2,1,2,2,3,2,1,18,1,20
3,3,4,4,4,3,3,4,4,3,35,2,19
1,1,2,2,1,4,2,1,3,2,19,2,31
3,3,3,2,3,3,2,2,1,4,26,1,49
4,3,2,3,2,4,3,4,4,2,31,2,30
1,1,2,1,3,3,1,1,4,1,18,2,17
1,1,1,1,4,4,4,3,1,1,21,1,24
1,1,1,1,1,2,1,1,1,3,13,1,50
2,3,3,1,2,1,3,1,4,2,22,1,48
2,3,2,4,2,3,3,2,2,1,24,1,28
4,2,2,2,4,4,4,4,4,4,34,2,20
2,2,2,1,4,3,3,4,4,3,28,1,49
4,1,3,1,2,4,2,3,3,4,27,2,21
2,1,1,2,1,2,2,2,2,1,16,1,34
4,3,4,2,2,3,4,4,3,4,33,1,32
1,1,1,1,1,3,1,1,2,4,16,1,15
2,1,1,2,1,3,1,1,2,1,15,1,19
2,2,3,4,2,4,4,2,1,3,27,1,19
1,1,1,1,1,1,1,1,1,1,10,2,25
2,1,3,2,1,3,1,1,4,0,18,1,28
1,1,1,1,3,3,1,1,2,2,16,1,39
3,3,4,4,4,4,2,3,0,3,30,1,41
2,1,1,1,3,4,3,3,2,4,24,1,34
2,1,2,1,3,4,3,3,3,4,26,1,21
3,2,2,2,2,4,2,3,3,4,27,2,31
3,2,1,1,1,4,1,1,1,2,17,1,49
2,2,2,3,3,3,1,1,3,3,23,2,25
3,2,2,2,4,4,3,2,2,3,27,1,45
1,2,2,1,2,3,3,3,3,3,23,1,51
1,1,1,1,2,4,1,2,3,1,17,2,18
4,3,1,2,3,4,3,3,2,4,29,2,44
1,1,1,1,1,3,1,1,3,1,14,2,30
3,3,2,1,2,2,3,2,4,3,25,1,22
4,4,4,4,4,4,4,4,4,4,40,1,19
3,4,4,2,4,4,2,2,2,3,30,1,35
2,2,2,2,2,2,1,2,1,1,17,1,24
4,3,4,3,2,4,2,3,1,3,29,1,30
1,1,2,2,2,3,2,2,4,1,20,1,26
2,2,3,1,1,4,1,1,3,1,19,1,23
2,3,3,2,2,4,2,4,3,3,28,1,14
2,1,3,1,3,3,2,2,2,3,22,1,20
4,1,1,2,1,3,1,2,1,1,17,1,27
2,2,2,2,1,4,4,2,4,2,25,2,26
4,2,4,4,3,2,3,4,2,3,31,1,31
4,4,4,3,4,4,3,4,3,4,37,2,28
3,2,3,2,2,3,2,2,2,4,25,1,26
1,1,1,1,1,1,1,1,1,1,10,1,17
4,4,4,4,4,4,4,4,4,4,40,1,28
2,2,1,3,2,4,2,2,3,4,25,2,22
1,1,1,1,1,4,3,3,3,1,19,1,50
1,1,1,1,1,1,1,1,1,1,10,1,27
1,1,1,1,1,1,1,1,1,1,10,2,42
3,2,2,3,4,4,3,3,3,3,30,2,25
4,4,2,1,1,4,2,4,3,4,29,1,30
4,4,2,1,2,3,3,2,3,4,28,1,32
4,4,3,3,2,2,1,1,2,2,24,1,27
2,2,1,1,2,2,2,2,2,3,19,2,32
1,1,1,1,2,2,1,1,2,2,14,2,20
1,1,2,1,2,4,1,1,2,2,17,1,26
3,3,2,1,4,4,3,3,4,4,31,1,29
4,2,4,4,3,3,3,2,2,4,31,2,22
3,1,1,1,1,1,1,1,1,4,15,2,52
2,1,1,0,1,3,1,1,1,3,14,1,42
3,2,2,2,3,4,3,2,3,3,27,1,32
2,3,2,2,4,2,2,2,1,3,23,1,32
1,2,2,3,2,3,2,3,3,2,23,1,45
3,2,3,3,4,3,4,4,3,4,33,2,26
2,2,1,1,2,2,1,2,1,1,15,2,27
3,3,3,3,3,3,3,3,3,1,28,2,34
1,1,2,1,1,2,1,1,1,1,12,2,44
2,1,1,2,2,1,1,1,1,4,16,1,68
2,4,4,3,4,4,4,4,3,2,34,2,30
1,1,1,1,2,2,1,1,2,1,13,2,17
1,4,4,4,3,4,3,4,4,4,35,1,58
1,1,1,1,2,4,1,2,1,2,16,1,15
1,1,2,2,3,4,2,3,2,2,22,2,33
2,1,2,1,2,2,1,1,3,2,17,1,41
2,2,2,1,3,1,1,1,1,1,15,1,44
2,4,4,4,3,4,4,4,3,2,34,1,57
4,4,4,4,4,4,4,4,4,4,40,1,39
2,1,2,2,2,2,1,2,1,1,16,1,25
1,1,2,1,2,2,2,2,2,3,18,1,32
4,3,4,4,4,4,3,3,4,4,37,1,21
1,2,1,2,2,2,1,4,2,1,18,2,22
2,3,2,1,2,4,2,2,4,4,26,1,72
3,3,1,2,1,1,3,2,1,3,20,2,27
3,4,3,2,2,2,4,4,2,4,30,1,20
2,2,2,2,2,4,2,1,4,2,23,1,31
3,4,3,4,3,4,4,4,3,2,34,1,33
4,4,3,4,4,3,3,3,1,1,30,1,27
2,2,1,1,1,1,1,1,1,1,12,1,47
4,4,4,3,4,4,4,4,4,4,39,1,39
2,2,2,2,2,3,3,3,3,3,25,1,52
1,2,1,1,1,1,1,1,1,1,11,1,39
1,1,1,1,1,2,2,1,2,1,13,1,26
4,4,4,2,4,4,2,3,3,3,33,1,28
2,2,2,2,2,2,2,2,2,2,20,1,29
2,2,2,2,2,3,3,2,2,2,22,2,34
3,2,1,1,1,4,1,1,1,1,16,1,55
1,1,2,1,4,4,4,3,2,1,23,1,19
2,2,2,3,3,4,3,3,4,3,29,2,21
2,3,2,1,2,2,2,1,3,3,21,0,34
2,2,1,2,2,4,1,1,3,4,22,2,26
4,4,4,4,4,4,4,4,4,4,40,2,40
4,4,4,4,4,4,4,4,4,4,40,1,30
1,1,1,1,2,3,1,2,1,2,15,1,36
2,1,1,1,2,4,2,2,2,3,20,1,31
2,4,4,2,4,4,4,4,4,4,36,1,18
1,1,1,2,2,4,2,1,1,1,16,1,24
4,3,2,1,3,4,2,2,3,4,28,1,18
4,4,3,2,4,4,4,4,4,4,37,1,72
1,2,2,3,1,3,2,2,2,2,20,2,32
2,1,2,1,3,3,1,2,1,3,19,1,38
2,2,3,3,2,4,2,3,2,1,24,2,21
1,2,2,1,1,1,1,2,3,1,15,1,29
4,4,4,2,1,4,2,2,4,4,31,1,21
2,2,1,2,3,1,1,1,1,1,15,2,22
3,2,1,1,2,3,2,2,3,2,21,1,31
3,3,4,3,3,3,4,3,3,3,32,1,33
3,3,3,3,4,4,4,3,3,3,33,2,20
4,3,2,1,3,3,2,3,2,3,26,2,35
4,2,3,2,2,4,2,3,3,4,29,1,30
2,1,1,1,1,2,2,1,1,2,14,1,28
2,2,1,1,2,2,3,3,4,1,21,1,33
4,4,4,4,2,3,4,4,4,4,37,1,24
3,2,2,3,4,1,3,3,4,4,29,1,18
2,1,1,2,1,2,1,1,1,2,14,1,25
3,3,3,2,3,4,4,3,4,4,33,1,55
3,4,4,3,4,4,4,4,4,4,38,2,46
1,4,2,1,4,3,3,3,3,1,25,1,34
4,2,1,2,1,4,2,2,1,1,20,2,18
1,4,3,3,4,4,4,4,1,1,29,1,31
4,1,4,2,4,4,3,2,1,2,27,1,40
2,1,2,1,2,4,3,3,1,2,21,1,45
2,2,3,1,3,3,4,4,4,3,29,1,21
1,1,1,1,1,2,1,1,1,1,11,1,25
4,2,1,2,1,2,2,2,4,2,22,1,25
2,4,4,4,1,2,2,1,2,4,26,1,25
4,1,2,1,4,4,2,2,3,4,27,2,22
2,1,2,2,1,2,1,1,1,4,17,2,33
1,1,1,1,1,1,1,1,1,1,10,1,28
1,2,1,1,1,2,2,2,1,1,14,1,26
3,1,3,2,1,2,1,1,1,4,19,1,42
3,3,4,3,4,3,3,2,3,3,31,1,31
4,4,4,1,3,4,4,3,4,1,32,1,48
3,2,4,2,3,3,3,3,3,4,30,1,27
4,4,4,4,4,2,3,4,4,4,37,1,33
1,1,1,1,1,3,1,1,1,1,12,2,30
1,1,1,1,4,4,1,1,1,2,17,2,21
2,1,2,1,3,4,2,2,3,2,22,1,24
1,1,1,1,1,4,1,1,1,4,16,1,55
2,2,3,2,3,4,4,4,3,2,29,2,19
3,3,4,3,3,4,3,3,1,2,29,2,23
1,1,1,1,2,3,1,1,1,1,13,1,18
2,1,1,1,2,2,1,1,1,1,13,2,21
1,1,1,1,1,2,1,1,1,2,12,1,50
1,1,1,1,1,4,1,1,1,1,13,1,27
1,3,3,2,3,1,4,4,4,1,26,2,50
4,4,2,2,4,4,4,3,4,4,35,2,38
1,2,1,1,1,4,1,1,4,4,20,1,47
4,2,2,4,4,4,3,3,2,4,32,1,34
2,1,2,2,1,4,1,1,1,2,17,1,27
1,2,1,1,2,2,2,1,1,2,15,2,35
1,1,2,1,2,2,2,2,1,2,16,2,28
4,4,4,4,4,4,4,4,4,4,40,2,24
2,1,2,3,2,4,2,3,3,2,24,2,43
3,3,3,2,4,4,4,4,4,4,35,2,21
1,1,3,2,1,3,1,1,2,1,16,1,20
1,2,1,2,1,4,2,1,3,2,19,1,30
1,2,1,2,2,4,1,3,2,2,20,1,32
4,3,3,2,3,4,2,3,1,1,26,2,18
1,1,1,2,2,3,4,1,2,3,20,2,23
3,1,1,1,3,4,2,2,2,2,21,1,27
4,3,3,2,1,4,1,2,2,4,26,1,27
1,3,4,4,2,2,4,1,1,1,23,1,18
1,2,1,1,2,1,2,2,1,1,14,2,54
3,2,2,2,2,4,2,2,3,4,26,2,28
2,2,2,2,2,4,2,3,4,2,25,2,18
4,3,4,4,3,4,4,4,4,3,37,1,32
4,2,3,3,4,4,3,2,4,4,33,2,20
4,4,4,4,4,4,4,4,4,4,40,1,31
2,1,1,2,2,3,2,3,3,3,22,2,30
1,1,3,4,4,4,2,2,1,1,23,1,39
1,1,1,1,3,3,3,3,4,1,21,1,48
1,1,2,2,2,3,2,1,2,2,18,2,28
4,4,4,2,4,4,4,4,4,4,38,2,30
1,2,1,1,2,4,1,3,3,4,22,2,14
2,1,1,1,1,3,1,2,2,2,16,2,18
4,3,3,3,4,4,3,4,2,4,34,2,37
1,1,1,2,1,3,1,1,1,1,13,1,18
1,1,1,1,1,1,1,1,1,1,10,3,999
1,2,1,1,2,0,2,2,2,1,14,1,21
2,3,3,1,1,2,2,3,3,2,22,1,32
4,2,2,1,2,4,3,3,4,4,29,1,28
3,4,4,4,3,3,4,3,4,1,33,2,15
4,4,4,1,4,4,1,2,4,4,32,1,33
2,3,2,1,2,4,2,2,4,2,24,2,29
4,2,1,1,2,4,4,4,4,2,28,1,32
3,1,1,2,3,4,3,4,4,4,29,1,32
2,3,4,4,4,3,2,2,1,3,28,1,18
2,1,1,1,1,4,1,1,2,1,15,1,28
1,2,1,1,2,2,1,1,1,1,13,2,47
2,2,3,3,1,3,4,3,4,3,28,1,49
1,2,4,3,4,2,3,2,2,1,24,2,25
4,3,2,2,1,4,1,2,4,2,25,1,28
2,3,3,3,3,4,3,3,3,3,30,2,25
2,1,1,1,1,3,4,4,2,1,20,1,28
1,2,2,1,1,3,1,2,3,1,17,1,24
1,1,1,1,1,4,1,1,1,1,13,1,21
1,2,1,2,1,1,1,1,2,1,13,1,22
1,2,2,1,4,4,1,3,1,1,20,1,31
0,0,0,0,0,0,0,0,4,0,4,1,19
1,1,2,2,1,2,1,1,2,1,14,1,21
3,4,3,2,4,4,2,3,3,4,32,1,52
1,1,1,1,1,1,1,1,1,2,11,1,40
1,2,1,2,1,2,2,1,1,1,14,1,26
1,1,3,1,2,3,2,1,1,2,17,2,28
1,2,2,1,2,3,3,2,2,2,20,2,19
2,2,2,2,1,2,1,2,1,4,19,2,35
4,2,1,1,1,3,1,1,3,4,21,1,44
2,4,3,3,1,2,2,3,4,2,26,1,25
4,2,2,1,2,3,4,4,3,2,27,2,41
3,3,3,4,4,4,3,3,2,3,32,2,37
2,2,3,1,3,3,2,3,3,3,25,2,28
2,2,2,1,1,2,1,1,1,3,16,1,40
3,3,2,1,1,3,2,2,4,1,22,2,21
1,1,1,1,1,3,1,1,1,2,13,1,18
1,1,1,1,2,3,2,1,3,4,19,1,38
3,2,1,1,2,2,2,3,3,3,22,1,45
1,1,1,1,2,3,1,1,3,1,15,2,21
1,1,1,1,3,3,2,2,4,1,19,2,21
1,1,1,1,3,3,1,1,1,4,17,1,42
2,4,4,3,4,4,2,3,4,2,32,2,25
1,2,1,1,1,1,1,1,1,1,11,2,42
1,1,1,1,1,2,1,1,2,1,12,2,20
3,2,2,1,2,3,2,2,1,3,21,1,32
2,2,1,2,1,2,3,3,4,4,24,2,33
2,3,4,3,3,3,3,3,4,4,32,1,22
2,2,4,1,3,3,2,2,2,3,24,1,16
2,1,1,1,1,1,1,1,1,1,11,2,27
4,4,4,4,2,3,2,3,2,3,31,1,25
4,3,2,2,2,4,1,2,2,4,26,2,26
1,1,1,1,4,4,2,2,1,1,18,1,35
4,3,3,3,4,4,2,3,2,4,32,2,22
2,2,2,2,2,2,2,2,3,2,21,1,22
1,1,2,1,2,2,1,2,2,1,15,1,25
4,3,1,2,1,2,2,2,1,1,19,1,29
2,3,2,4,1,1,3,3,3,1,23,1,46
3,2,1,3,1,2,3,2,2,2,21,1,25
4,4,4,1,1,4,3,4,2,1,28,1,50
0,1,1,0,0,3,2,1,3,1,12,1,28
2,2,2,2,4,4,3,3,1,4,27,2,24
1,1,1,1,2,2,1,2,3,1,15,1,32
1,2,2,1,3,3,2,2,4,3,23,1,24
2,3,2,1,3,4,2,1,2,2,22,2,19
3,1,1,1,1,2,1,1,1,3,15,1,26
1,1,1,1,1,3,1,1,2,1,13,0,30
2,2,2,1,2,4,2,3,1,3,22,2,35
3,2,2,4,2,2,3,3,2,2,25,1,24
1,1,1,1,1,3,1,1,2,2,14,1,47
2,3,3,3,4,4,4,4,4,2,33,1,35
2,2,1,1,1,3,1,1,2,1,15,1,44
2,2,1,1,2,2,2,2,2,1,17,1,31
4,4,4,4,4,4,4,4,4,4,40,2,23
1,1,1,1,1,3,1,1,1,3,14,1,23
1,1,1,1,1,1,1,1,1,3,12,1,43
2,2,3,3,4,3,2,4,3,3,29,1,25
4,1,3,1,1,2,1,3,4,4,24,1,27
3,3,3,3,2,2,1,2,2,3,24,2,47
1,2,2,2,1,2,2,2,4,1,19,1,20
2,2,1,1,1,2,1,3,3,2,18,1,24
1,1,1,1,1,1,1,2,2,1,12,2,38
1,1,2,1,2,4,1,2,1,3,18,2,35
1,1,2,1,1,2,1,2,3,4,18,1,22
4,3,2,2,3,4,3,1,3,4,29,2,21
3,3,3,2,3,4,3,2,4,3,30,2,22
2,2,3,3,1,2,2,2,3,3,23,2,20
3,4,4,2,2,4,3,4,3,2,31,1,34
2,1,1,1,1,3,2,1,1,1,14,1,35
3,2,2,2,3,3,2,2,2,3,24,2,20
4,0,4,4,4,4,2,4,4,4,34,1,20
4,2,3,4,2,4,3,4,4,4,34,1,19
2,1,4,1,1,4,1,1,1,4,20,3,28
1,1,3,1,2,2,1,1,1,2,15,0,19
4,4,4,4,3,4,4,4,4,4,39,1,42
4,3,2,3,3,3,3,3,3,4,31,1,36
1,1,1,1,1,3,1,1,2,1,13,2,25
4,3,3,2,4,3,3,3,3,4,32,1,33
4,4,1,4,4,4,4,4,1,1,31,1,50
4,3,2,2,1,3,2,3,4,1,25,1,19
3,1,1,0,1,4,1,1,3,4,19,1,20
4,4,4,4,4,4,3,3,3,4,37,2,39
1,1,1,1,2,4,1,1,2,2,16,2,25
3,3,2,1,1,2,1,2,2,2,19,2,38
2,2,2,2,1,3,2,2,1,3,20,2,34
1,2,2,1,1,1,1,1,1,1,12,1,30
2,2,2,2,4,4,4,4,4,3,31,1,34
3,2,2,3,2,3,3,3,3,2,26,1,43
4,4,1,1,3,3,3,2,2,1,24,1,31
3,2,1,2,2,2,1,1,2,1,17,1,55
1,2,3,1,2,3,1,2,3,2,20,2,17
1,1,1,2,1,4,1,1,1,1,14,1,26
2,2,2,2,2,4,2,1,2,2,21,1,32
2,1,1,2,1,3,1,1,2,2,16,1,23
4,3,2,1,2,4,2,4,3,4,29,1,23
3,1,1,1,1,3,2,1,1,1,15,1,30
2,0,3,3,3,1,4,4,4,2,26,1,16
2,2,2,2,1,2,1,2,2,2,18,1,27
3,2,1,1,1,3,1,1,2,3,18,1,31
4,4,4,4,4,4,4,4,4,3,39,1,27
1,1,1,1,1,3,2,2,1,2,15,1,43
1,2,2,3,1,3,2,1,2,2,19,1,19
1,1,1,1,1,2,2,1,1,2,13,1,32
2,2,2,1,2,1,2,2,1,1,16,2,19
2,1,0,2,1,3,1,1,1,2,14,1,20
4,3,3,3,4,4,3,2,3,4,33,1,29
1,3,2,1,1,3,1,2,3,2,19,1,24
2,1,1,1,3,3,1,1,1,2,16,1,19
4,4,4,4,4,4,4,4,4,4,40,1,18
2,4,4,4,2,4,3,3,2,1,29,1,23
4,4,4,3,2,4,3,4,4,1,33,1,39
0,1,1,1,1,2,1,1,1,1,10,2,27
3,2,2,2,2,4,3,2,3,3,26,1,48
3,1,2,1,2,2,3,3,2,2,21,1,23
3,2,2,1,3,4,4,2,3,4,28,2,32
2,1,1,2,1,4,2,1,1,2,17,1,25
4,4,4,4,4,3,4,3,3,4,37,2,24
1,1,2,1,1,3,2,2,2,1,16,2,21
3,4,2,2,3,2,0,2,2,1,21,1,45
2,3,1,1,1,3,2,1,3,2,19,1,38
2,1,1,2,2,4,4,3,3,4,26,1,24
2,1,3,2,2,3,1,2,1,3,20,1,35
4,4,4,4,4,4,4,4,4,4,40,2,30
3,3,2,2,3,4,3,3,3,4,30,2,28
4,4,4,3,4,4,4,4,4,4,39,1,34
2,3,4,3,4,3,4,1,2,4,30,2,17
2,1,1,1,2,4,1,1,4,1,18,1,36
3,0,1,1,1,1,1,1,2,1,12,2,62
2,2,2,2,2,4,3,2,3,3,25,1,20
1,1,1,4,4,4,3,4,3,4,29,2,20
2,1,1,2,2,3,3,1,1,2,18,1,32
4,4,4,4,4,4,4,4,4,4,40,1,28
4,4,2,2,3,3,2,2,3,4,29,2,19
3,2,3,2,4,4,3,4,4,4,33,1,25
2,2,2,3,3,3,3,2,2,2,24,1,18
3,3,4,3,3,4,2,3,2,4,31,1,21
1,1,1,1,1,1,1,1,1,1,10,1,48
3,4,4,3,4,4,4,3,3,2,34,1,41
2,1,1,1,1,2,1,1,2,1,13,2,33
3,4,2,2,3,4,4,4,4,4,34,1,32
3,3,4,3,2,4,2,2,2,1,26,1,52
4,4,4,4,4,4,4,4,2,4,38,1,27
3,3,1,1,4,4,4,4,4,4,32,1,31
4,3,4,4,3,4,3,3,4,4,36,2,28
2,2,2,1,3,3,2,3,2,2,22,2,20
2,3,3,2,3,3,2,2,3,4,27,1,21
4,3,1,3,1,4,3,3,3,4,29,2,27
2,2,2,1,1,2,1,1,2,2,16,1,28
1,1,1,1,1,2,2,1,1,1,12,2,50
4,4,3,2,4,4,2,3,4,4,34,1,43
1,1,1,1,1,3,1,1,2,3,15,1,22
2,1,1,1,1,2,2,2,3,1,16,2,40
1,1,3,2,4,4,3,3,2,2,25,2,16
1,1,1,1,1,4,2,2,3,2,18,1,21
1,3,3,3,3,3,3,3,3,1,26,2,37
3,3,2,3,2,3,4,3,2,3,28,1,40
2,1,1,1,2,2,1,1,1,3,15,2,18
1,3,4,3,4,4,2,3,0,1,25,2,19
2,3,2,2,4,4,2,3,2,3,27,2,18
1,1,2,1,1,4,1,1,4,3,19,2,21
3,2,1,2,1,2,1,1,1,1,15,1,17
4,3,3,1,3,4,2,3,3,0,26,1,28
2,2,1,1,1,2,1,1,1,1,13,2,35
1,3,4,4,3,4,3,3,1,4,30,1,50
4,2,3,1,1,4,1,1,1,4,22,2,42
3,3,3,3,3,3,3,3,3,4,31,1,51
1,1,2,2,1,3,1,1,2,2,16,1,26
2,1,2,2,1,2,1,1,1,1,14,1,27
2,2,3,1,2,2,1,2,2,3,20,2,33
1,1,1,1,2,4,4,4,4,1,23,1,24
1,1,1,1,1,3,1,1,1,1,12,1,52
2,1,2,1,3,2,1,1,1,3,17,1,19
2,1,1,1,1,3,1,1,1,3,15,1,40
3,2,1,1,3,2,1,1,1,4,19,1,59
2,2,2,1,2,4,3,2,1,3,22,1,42
4,4,4,1,4,4,3,4,4,2,34,1,35
3,2,2,1,1,4,3,2,1,1,20,2,23
2,4,4,4,2,4,2,4,4,4,34,1,34
2,2,1,2,1,2,2,1,2,3,18,1,39
2,1,2,1,4,4,1,1,2,4,22,2,28
2,3,4,3,4,3,2,3,2,2,28,2,22
1,1,1,1,1,1,1,1,1,1,10,1,64
4,4,4,1,2,4,2,2,4,2,29,1,30
1,1,1,1,2,3,1,1,2,3,16,1,23
1,1,2,1,2,3,1,1,1,3,16,1,22
4,4,4,4,2,4,3,4,4,1,34,1,33
4,4,4,4,1,2,3,4,2,1,29,1,42
4,4,4,4,4,4,4,4,4,4,40,2,41
2,1,1,1,1,1,1,1,1,1,11,2,30
3,2,2,2,1,4,3,3,3,4,27,2,31
3,3,3,3,3,3,3,2,3,3,29,1,36
1,1,4,4,2,4,2,2,2,4,26,1,27
1,2,1,1,2,4,4,3,1,4,23,2,28
2,2,2,2,3,3,3,3,3,1,24,1,28
2,2,3,1,1,2,2,2,2,3,20,1,60
2,4,4,3,4,4,4,4,4,1,34,1,17
1,1,1,1,1,2,1,1,3,2,14,1,25
1,1,1,2,2,4,1,1,2,4,19,1,25
1,1,1,1,3,4,2,2,3,1,19,1,23
4,3,3,3,1,4,3,3,4,3,31,2,19
3,2,4,4,3,4,0,2,1,4,27,2,19
1,1,2,2,1,3,3,2,3,1,19,1,18
1,1,1,1,1,3,1,2,3,2,16,1,16
1,1,2,2,1,2,1,1,3,1,15,2,23
4,3,4,2,3,4,2,2,2,4,30,2,19
2,1,2,2,4,4,3,3,1,3,25,1,38
1,2,2,1,2,2,1,1,2,3,17,1,24
2,2,2,1,3,2,3,3,1,1,20,2,18
4,3,3,2,4,4,2,2,2,4,30,2,20
2,2,2,1,2,2,3,3,2,3,22,1,50
1,1,1,4,4,4,1,4,4,4,28,1,29
3,4,4,3,4,4,4,4,4,4,38,2,46
4,4,2,2,4,4,4,3,4,4,35,1,29
2,1,3,2,2,4,2,2,1,3,22,1,26
1,1,1,1,1,2,1,1,1,1,11,2,18
1,2,1,1,1,2,1,1,2,1,13,2,18
2,3,3,2,2,2,1,3,4,1,23,1,31
2,2,2,1,1,3,2,2,1,1,17,1,25
3,3,4,2,3,4,3,4,4,2,32,2,47
2,2,1,1,2,4,3,3,1,4,23,1,42
2,1,1,1,2,3,1,2,2,1,16,1,20
3,4,2,1,4,4,3,2,3,4,30,2,22
2,2,2,1,2,3,2,2,3,3,22,1,50
3,2,3,1,4,4,3,4,4,4,32,1,27
1,2,1,2,1,2,1,1,2,1,14,1,21
4,4,2,1,2,4,3,3,2,4,29,1,46
2,1,1,1,1,3,2,1,2,3,17,2,24
4,4,4,4,3,4,4,4,2,4,37,1,45
4,4,4,1,3,3,3,3,3,3,31,1,35
2,2,2,1,2,3,2,2,3,3,22,1,24
2,3,2,2,1,2,1,1,3,3,20,1,62
4,4,4,2,3,4,3,4,4,4,36,2,20
4,2,2,1,2,4,2,1,3,3,24,1,23
1,1,1,1,2,3,1,1,1,4,16,1,16
2,3,3,3,2,3,2,3,3,3,27,1,44
4,3,3,1,1,3,2,1,2,1,21,2,21
1,1,1,2,1,1,1,1,1,1,11,2,20
2,1,1,1,2,4,1,1,1,1,15,1,28
1,2,1,3,2,2,2,2,4,4,23,1,15
2,3,2,2,1,2,1,2,2,1,18,2,23
1,1,2,1,2,4,2,2,1,2,18,1,42
1,1,1,1,1,2,1,1,1,1,11,1,47
0,2,4,3,2,3,2,3,4,0,23,1,15
2,1,1,1,2,4,4,4,3,4,26,1,31
1,1,1,1,2,3,1,1,1,1,13,2,20
3,4,3,4,3,4,3,3,3,4,34,2,23
4,3,2,2,4,4,3,4,4,4,34,2,37
1,1,1,1,1,3,1,1,1,1,12,1,47
2,1,1,1,1,2,1,1,2,4,16,1,49
3,1,1,1,2,4,1,2,3,1,19,1,17
4,4,4,2,4,4,4,4,4,4,38,1,22
1,1,1,1,1,2,1,1,2,1,12,1,42
4,2,2,2,2,4,3,1,4,4,28,1,21
4,2,3,4,3,4,3,2,1,3,29,1,42
2,1,1,1,2,2,2,1,1,1,14,1,25
4,4,4,4,4,4,3,3,4,4,38,2,43
1,2,1,1,1,1,2,1,1,1,12,2,64
1,1,1,1,1,4,0,1,1,4,15,1,24
2,2,1,1,3,1,2,2,2,4,20,1,49
2,1,1,1,3,3,2,2,1,4,20,2,32
3,2,1,1,3,4,2,4,4,4,28,2,26
3,1,2,4,3,4,3,4,4,3,31,2,22
2,2,3,3,2,4,2,4,3,2,27,1,18
2,1,3,2,4,4,3,4,4,3,30,2,18
3,4,4,3,2,3,1,1,1,4,26,1,18
1,1,1,1,1,2,1,1,1,4,14,1,54
1,3,3,2,2,1,2,1,4,1,20,2,20
4,2,2,2,2,4,3,2,1,4,26,2,21
1,1,1,1,4,4,1,1,1,4,19,1,18
1,2,1,1,2,4,1,1,2,2,17,2,17
1,1,1,1,1,2,1,1,1,1,11,1,32
2,1,4,4,4,4,4,4,4,4,35,1,23
2,1,2,1,1,3,1,1,2,4,18,1,32
2,2,2,1,1,4,2,2,2,1,19,1,19
2,1,1,1,1,1,1,1,1,2,12,2,20
2,2,2,1,1,3,1,1,4,1,18,2,20
1,2,1,1,1,1,2,2,1,1,13,1,37
4,1,1,1,1,4,3,2,1,4,22,1,29
0,0,0,0,0,0,0,0,0,0,0,2,28
1,2,1,1,3,1,2,2,2,4,19,1,32
3,3,3,2,2,3,2,3,2,2,25,1,23
2,2,3,3,2,3,3,2,2,3,25,1,52
1,3,3,3,3,4,4,4,4,4,33,1,32
3,3,3,2,3,3,2,3,4,2,28,1,26
2,1,1,1,3,2,4,2,1,1,18,2,26
1,1,1,3,1,3,1,1,3,1,16,1,50
4,3,4,4,4,4,3,4,1,4,35,2,20
1,2,1,2,1,1,1,1,2,1,13,1,20
4,4,4,4,3,4,4,4,4,3,38,1,60
2,3,4,3,3,4,2,2,2,3,28,2,18
1,1,1,1,1,2,1,1,1,2,12,1,31
1,1,1,1,1,4,1,1,2,1,14,2,43
2,2,1,1,1,1,1,1,1,1,12,2,25
2,2,1,2,1,3,1,2,1,2,17,1,29
1,1,2,3,2,3,3,1,1,4,21,2,25
2,3,2,3,4,4,3,3,4,3,31,2,18
2,2,1,2,2,3,2,2,1,2,19,1,24
1,1,2,1,1,2,1,1,1,2,13,1,63
2,1,1,1,1,2,1,1,2,2,14,1,85
3,2,2,1,2,3,3,1,3,1,21,2,36
1,1,1,1,1,4,3,2,1,3,18,1,37
1,1,1,1,1,2,1,1,2,2,13,1,20
2,3,2,2,3,4,3,2,1,4,26,1,20
2,4,2,4,2,1,1,1,1,1,19,2,30
1,3,3,1,2,4,3,3,2,3,25,1,23
2,2,2,2,1,3,1,1,1,3,18,1,24
3,2,3,1,3,4,4,3,4,1,28,2,43
1,2,1,1,1,3,2,1,1,1,14,1,27
4,2,2,2,3,4,3,2,2,1,25,1,23
1,2,1,1,1,2,1,1,3,2,15,2,25
2,2,2,2,3,4,2,2,4,4,27,1,45
1,1,2,1,3,4,2,2,3,3,22,2,16
3,1,2,2,1,3,2,2,2,2,20,1,42
2,2,3,3,4,3,4,4,4,3,32,1,31
2,3,2,1,1,2,3,2,1,1,18,1,28
2,2,3,3,4,4,2,4,4,4,32,1,21
2,2,1,1,1,3,2,1,1,2,16,1,22
2,2,2,0,2,4,2,2,4,4,24,2,33
4,3,3,2,4,4,3,4,4,3,34,2,31
1,1,1,1,1,1,1,1,1,1,10,1,19
3,3,4,3,3,4,2,2,3,3,30,1,40
3,4,4,4,1,2,1,4,2,4,29,1,19
3,1,2,1,2,4,3,4,4,3,27,1,19
2,2,3,2,3,4,2,2,1,3,24,2,35
3,2,2,2,2,3,2,2,1,3,22,1,40
3,2,3,1,4,4,2,3,4,4,30,1,42
2,2,1,1,1,3,1,2,4,1,18,2,23
1,2,2,1,2,2,2,1,2,3,18,1,33
3,4,4,3,4,4,4,4,4,2,36,2,47
3,3,3,3,3,3,3,3,3,1,28,1,60
4,4,4,4,4,4,1,2,3,2,32,1,23
1,1,1,1,1,0,1,1,1,3,11,1,27
1,2,1,2,2,3,1,1,2,3,18,1,18
2,1,1,1,3,4,2,1,2,4,21,1,29
1,1,1,2,1,3,1,1,1,3,15,1,40
1,1,1,1,2,4,4,3,4,1,22,1,30
3,3,3,3,3,4,1,1,4,4,29,1,40
4,4,4,2,2,3,3,3,3,4,32,2,26
1,1,1,1,1,1,1,1,1,0,9,2,15
3,3,3,2,4,4,3,4,4,4,34,1,25
1,1,1,1,1,4,1,2,2,2,16,2,27
4,3,2,4,3,4,3,3,4,4,34,2,24
1,2,3,3,2,2,3,2,3,4,25,1,18
2,2,2,2,2,4,4,3,4,4,29,2,25
4,4,4,4,4,4,4,4,4,4,40,1,22
1,2,1,1,1,1,1,1,1,1,11,1,23
2,2,2,1,2,3,2,2,3,2,21,2,21
2,3,2,3,1,4,3,2,4,2,26,1,38
1,1,1,1,2,3,1,2,3,1,16,1,26
1,1,1,1,1,3,1,1,1,1,12,2,35
2,1,2,1,1,3,1,1,1,1,14,1,35
2,2,3,3,2,3,3,3,2,4,27,1,51
1,1,1,1,2,2,1,1,1,2,13,2,30
3,3,3,3,2,3,1,2,3,1,24,1,30
2,2,2,2,2,3,3,1,2,4,23,1,17
1,2,2,2,2,2,1,2,2,2,18,2,34
2,2,4,1,4,4,2,3,4,4,30,2,28
3,4,4,3,4,4,4,4,4,4,38,1,21
3,4,3,3,4,2,3,4,2,1,29,2,33
2,2,2,1,2,3,2,2,4,4,24,2,36
3,4,4,4,1,2,4,4,4,4,34,1,29
2,2,2,2,2,3,2,2,2,4,23,1,27
3,2,3,1,4,4,4,4,4,4,33,1,23
1,1,1,1,1,1,1,1,1,1,10,1,19
3,3,2,1,1,2,3,2,3,4,24,1,20
4,2,2,3,2,4,4,2,2,4,29,2,45
1,4,4,2,3,4,3,3,4,1,29,2,22
2,3,4,1,2,4,2,3,1,2,24,1,30
3,3,4,3,4,4,4,4,4,4,37,1,53
1,1,1,1,1,2,3,1,3,1,15,2,22
2,1,3,2,3,4,4,3,3,3,28,2,37
2,3,2,4,4,4,4,4,4,3,34,1,47
3,2,2,2,1,3,2,2,1,1,19,2,19
1,1,1,1,1,2,1,1,1,1,11,1,30
2,2,2,1,2,2,1,2,1,3,18,1,63
2,3,2,2,4,3,3,3,3,4,29,1,49
1,1,1,1,1,2,1,1,1,2,12,1,28
3,2,2,2,4,4,3,3,3,2,28,1,25
2,3,4,3,3,4,4,4,4,4,35,1,19
2,1,1,1,1,2,1,1,1,2,13,1,23
2,2,2,2,1,4,1,2,2,4,22,1,24
4,4,3,2,2,3,4,3,4,3,32,1,35
4,3,0,2,2,4,2,4,3,4,28,1,41
3,2,3,3,3,3,2,3,4,4,30,2,22
3,2,2,1,3,3,1,3,3,0,21,1,62
1,2,1,1,2,2,1,1,2,1,14,1,27
3,2,4,2,4,4,3,2,3,4,31,1,19
3,4,2,1,3,4,3,1,4,3,28,1,25
3,4,4,4,3,4,4,4,4,3,37,1,30
3,3,3,3,3,4,2,3,2,4,30,1,48
4,2,1,1,1,3,1,2,3,4,22,2,20
2,2,3,2,2,3,3,3,2,3,25,1,28
1,1,1,1,1,3,3,1,3,1,16,1,21
4,3,2,1,1,4,1,1,1,4,22,1,34
2,3,4,2,4,4,4,4,4,3,34,2,27
3,1,1,4,4,4,1,1,4,4,27,2,19
4,4,2,1,2,4,1,0,3,3,24,2,28
2,2,2,1,3,3,4,3,3,2,25,1,20
4,3,3,2,3,3,3,3,3,2,29,2,36
1,1,1,2,2,4,2,2,4,2,21,2,20
1,1,2,2,2,2,1,1,1,3,16,2,61
2,2,2,2,4,4,2,3,4,4,29,2,24
4,3,4,4,4,4,4,4,3,3,37,2,16
2,3,3,2,1,3,3,4,3,3,27,1,41
3,3,4,1,2,4,3,2,2,3,27,1,31
3,4,4,4,3,4,2,2,4,4,34,1,18
1,3,2,2,1,1,1,1,1,2,15,1,35
3,4,4,2,3,3,2,2,3,4,30,1,23
2,2,3,3,1,4,1,1,3,3,23,2,28
1,1,3,3,2,4,1,1,2,4,22,1,54
1,4,3,1,1,3,4,1,2,4,24,1,23
4,2,3,3,3,4,1,4,1,4,29,1,32
3,2,4,2,1,4,2,3,3,4,28,1,42
3,3,4,1,3,3,3,3,3,2,28,1,69
1,1,1,2,0,4,1,1,2,1,14,1,20
2,3,4,4,2,4,2,2,2,3,28,2,20
3,1,1,1,2,4,3,3,3,3,24,1,26
3,3,2,3,2,3,2,2,2,2,24,1,26
1,4,1,1,4,4,1,4,4,4,28,1,21
4,4,4,4,1,4,1,1,2,1,26,1,41
4,2,2,1,1,4,2,2,2,3,23,1,17
2,3,2,1,3,3,2,2,1,3,22,1,36
2,3,2,2,1,3,2,2,4,3,24,1,25
3,3,2,2,3,2,3,3,4,3,28,1,30
4,3,4,4,4,4,3,4,4,4,38,1,20
2,2,2,2,1,1,1,1,1,2,15,1,44
2,1,1,2,2,3,1,1,1,1,15,2,18
1,2,1,1,3,4,3,3,2,4,24,1,42
3,2,2,3,4,4,3,3,1,2,27,1,23
3,3,2,3,1,2,1,2,1,1,19,1,38
2,2,2,1,3,3,2,4,2,4,25,1,32
3,2,2,1,1,3,2,4,4,3,25,1,60
3,4,4,3,4,4,3,3,4,3,35,1,17
1,1,1,1,3,3,3,3,3,2,21,1,65
2,2,2,2,2,2,2,2,3,2,21,1,25
1,1,1,1,1,2,1,1,1,1,11,2,24
1,1,1,1,1,2,1,1,3,1,13,1,55
2,3,2,4,3,4,2,2,4,3,29,2,18
4,3,4,1,1,4,1,1,2,4,25,1,30
1,1,1,1,1,1,1,1,1,1,10,1,54
2,3,2,2,1,2,3,2,3,1,21,1,69
4,4,4,2,4,4,4,4,4,4,38,2,22
3,3,4,4,2,4,2,3,2,2,29,2,19
1,2,2,1,2,3,1,1,4,2,19,1,38
1,1,1,1,2,3,1,1,1,2,14,1,18
1,1,1,2,1,4,1,1,1,3,16,1,26
4,4,4,3,4,3,4,3,4,2,35,1,30
3,3,4,2,4,4,4,4,4,4,36,1,27
3,1,1,2,1,2,1,1,1,2,15,2,29
1,1,2,0,4,4,4,4,4,1,25,1,19
2,3,2,1,2,2,2,2,2,3,21,1,33
3,3,2,1,2,3,2,3,4,3,26,1,20
1,1,1,1,2,3,3,3,3,1,19,1,38
1,1,1,1,3,3,0,3,3,3,19,1,54
4,4,4,1,4,4,4,4,1,4,34,1,64
1,2,1,1,1,2,2,1,1,1,13,2,22
3,2,2,3,2,4,3,4,4,4,31,1,23
1,1,1,3,1,3,2,2,4,4,22,1,19
2,1,2,1,2,3,2,1,1,1,16,1,28
2,2,2,1,3,3,2,2,1,3,21,2,25
2,1,1,2,4,4,4,4,3,2,27,1,18
3,2,2,2,1,3,2,1,1,3,20,1,46
4,3,2,3,3,4,2,3,2,3,29,1,36
3,2,3,3,2,4,2,3,4,4,30,2,21
2,2,2,1,3,2,1,3,1,4,21,1,22
4,4,4,2,4,4,4,4,4,4,38,1,37
1,1,1,1,1,1,1,1,1,1,10,2,50
4,4,4,4,4,4,4,4,4,4,40,1,41
1,2,1,2,1,4,1,1,1,2,16,1,18
4,4,3,3,4,2,3,4,4,4,35,1,18
1,1,1,1,1,4,1,1,1,4,16,1,34
2,2,3,2,1,4,2,2,4,3,25,1,44
3,4,3,2,3,2,4,3,2,1,27,2,34
3,3,3,3,3,0,3,3,3,3,27,1,25
1,2,2,2,2,3,2,3,4,4,25,1,27
1,2,2,1,2,2,2,1,2,1,16,1,29
4,2,2,1,1,4,3,2,1,2,22,2,20
3,1,1,1,1,4,2,1,2,2,18,1,23
2,3,4,2,4,2,3,4,2,1,27,1,23
4,4,4,4,4,4,4,4,4,4,40,2,20
3,2,3,1,2,4,3,3,4,4,29,2,39
4,4,3,2,1,4,1,2,3,2,26,2,24
2,3,2,1,1,4,1,1,1,4,20,1,32
2,1,1,3,1,2,1,1,1,3,16,1,31
3,3,4,4,3,4,2,3,1,4,31,2,34
2,1,2,2,2,1,1,1,2,4,18,2,23
3,4,2,2,4,3,3,4,2,1,28,1,34
4,4,4,4,4,4,3,3,3,4,37,2,26
1,1,2,1,1,3,2,1,4,1,17,1,27
1,0,0,1,1,2,2,2,3,1,13,1,26
1,1,1,1,1,2,1,1,1,1,11,1,48
1,1,1,1,1,2,1,1,1,1,11,2,54
3,2,3,1,4,4,3,4,3,4,31,1,45
1,1,2,1,1,3,1,1,2,2,15,2,26
4,3,2,2,2,4,3,4,4,4,32,1,37
2,2,4,2,4,4,4,4,4,4,34,2,37
0,3,3,2,2,2,2,2,2,1,19,1,33
3,3,3,3,3,4,3,2,3,4,31,1,41
1,2,2,2,1,1,1,1,1,1,13,1,17
4,4,4,2,3,4,3,4,4,4,36,1,28
1,1,1,2,1,2,1,1,2,1,13,2,23
4,4,4,4,4,4,4,4,4,4,40,1,47
2,2,2,3,3,4,3,2,4,2,27,1,24
2,1,1,2,1,2,1,1,1,3,15,1,69
2,1,1,1,1,2,1,1,2,2,14,1,35
2,2,2,2,2,3,3,2,1,3,22,1,25
2,2,3,2,1,2,2,2,3,3,22,1,38
4,1,1,1,1,1,1,1,1,1,13,1,43
2,4,0,2,2,4,2,2,2,1,21,2,22
4,4,4,4,4,4,4,4,4,1,37,1,20
2,1,1,1,2,3,0,2,3,3,18,1,34
2,1,1,1,2,2,1,1,1,3,15,2,31
1,1,2,2,1,4,1,2,4,1,19,1,42
3,3,3,1,4,4,3,2,4,4,31,2,42
1,1,1,1,1,2,1,1,2,2,13,1,33
1,2,1,1,2,2,1,1,1,2,14,1,32
2,1,1,1,1,2,1,1,2,3,15,2,41
3,3,2,1,2,4,2,3,1,3,24,1,23
4,4,4,4,4,4,3,4,4,4,39,1,27
2,3,2,2,2,4,3,3,3,4,28,2,25
1,3,3,3,2,2,2,3,3,3,25,2,18
4,3,4,3,2,4,3,3,4,4,34,1,29
4,4,3,4,4,4,4,4,4,1,36,1,22
2,2,2,3,2,2,1,1,2,2,19,2,35
1,1,1,1,1,1,1,1,1,1,10,1,30
2,2,2,1,2,4,2,3,4,4,26,1,25
2,1,4,4,4,4,4,4,4,1,32,1,34
1,2,1,1,3,3,1,1,4,2,19,2,20
3,1,2,1,1,3,2,1,1,3,18,1,28
1,1,1,1,1,3,1,1,1,1,12,1,20
3,3,4,3,4,4,3,3,4,4,35,1,51
3,3,2,1,3,3,3,4,4,4,30,1,31
4,4,4,4,4,4,4,4,4,4,40,1,18
3,3,3,2,2,4,1,3,4,3,28,2,27
2,1,2,2,2,4,2,2,1,3,21,2,24
1,1,2,1,2,3,2,1,1,1,15,1,21
3,2,3,2,3,3,3,2,3,3,27,1,30
4,2,4,4,3,4,4,2,4,3,34,1,21
2,2,2,1,1,2,1,1,2,2,16,1,42
4,3,3,2,3,4,3,3,3,4,32,1,40
4,4,4,4,4,4,3,4,4,1,36,1,28
1,4,4,3,4,1,4,4,4,1,30,2,18
4,3,3,3,4,4,4,3,0,4,32,1,23
3,4,2,1,1,2,1,2,2,3,21,1,62
1,1,1,1,3,2,2,1,2,1,15,1,28
3,3,4,3,4,3,2,2,3,1,28,1,18
4,3,3,3,1,4,3,3,3,4,31,2,45
2,1,1,1,1,3,1,1,1,1,13,1,21
4,4,4,4,4,4,4,4,4,4,40,2,15
2,1,2,2,2,4,2,2,1,4,22,1,25
3,2,3,3,2,4,2,2,2,3,26,1,31
1,1,1,1,1,1,2,1,1,1,11,2,36
1,2,2,2,2,2,2,2,3,2,20,1,40
4,4,4,2,4,4,4,4,4,3,37,1,40
2,1,1,1,1,3,3,1,1,2,16,2,21
3,2,3,2,3,4,4,4,4,4,33,2,35
3,2,1,1,3,3,1,1,1,3,19,2,25
1,1,1,1,2,3,1,1,1,1,13,2,18
1,3,2,1,2,3,2,2,4,4,24,1,32
2,2,2,1,3,3,2,1,2,2,20,2,36
4,4,4,4,4,4,4,4,4,4,40,1,22
1,3,2,1,4,4,1,3,4,3,26,2,22
4,3,3,2,2,3,2,2,3,3,27,1,32
4,4,4,4,4,4,4,4,4,4,40,2,21
3,2,3,1,3,4,3,4,2,4,29,1,48
4,4,3,2,4,4,4,4,4,3,36,2,24
1,1,1,1,1,1,1,1,1,1,10,1,16
4,2,4,4,2,1,3,1,2,4,27,1,31
1,1,1,1,1,2,1,1,3,1,13,2,20
4,4,4,3,3,3,2,1,2,4,30,1,27
1,1,2,2,1,3,1,1,0,1,13,1,41
1,1,1,1,1,2,1,2,2,1,13,1,30
4,4,4,4,4,4,4,4,3,4,39,2,21
4,3,4,4,3,4,4,4,4,4,38,2,24
2,4,4,2,4,4,3,4,4,2,33,2,23
2,2,3,4,3,4,3,1,1,4,27,1,41
2,4,3,2,4,4,3,3,4,4,33,1,23
4,2,2,1,4,4,2,2,1,4,26,2,43
1,1,1,1,1,2,1,1,1,2,12,2,36
2,2,4,1,3,4,3,3,4,2,28,1,24
1,3,2,1,1,3,1,1,3,1,17,2,19
1,2,2,3,3,4,3,2,2,1,23,1,21
2,3,2,2,3,3,2,2,2,2,23,1,70
4,4,4,4,1,4,1,4,4,4,34,2,30
4,4,4,3,4,4,4,3,4,1,35,1,41
2,3,4,3,3,2,3,3,2,1,26,1,20
3,4,4,4,4,4,4,4,4,4,39,1,40
2,2,3,2,1,2,2,2,1,2,19,1,25
2,2,2,2,1,2,1,1,2,2,17,1,43
3,3,3,3,2,2,3,2,2,3,26,1,69
1,2,1,1,1,2,1,1,1,1,12,1,55
2,3,4,4,2,4,2,1,2,3,27,2,25
2,1,2,1,2,3,1,2,1,4,19,1,34
2,2,4,1,4,4,4,4,4,3,32,2,36
4,2,4,4,4,4,3,4,2,4,35,1,21
3,2,2,1,2,4,1,2,3,3,23,1,55
2,1,1,1,1,4,2,2,1,4,19,1,28
1,3,1,1,1,2,1,1,3,1,15,1,30
1,1,1,1,1,3,1,1,1,2,13,2,24
2,3,3,3,3,3,3,3,3,2,28,1,50
1,2,3,3,3,3,2,3,3,4,27,1,26
1,1,1,0,1,2,1,1,1,1,10,2,27
1,2,1,1,1,1,1,1,1,1,11,1,26
1,2,1,1,3,3,2,1,3,1,18,2,25
1,2,2,2,2,1,1,2,1,1,15,2,32
1,1,1,2,1,2,1,1,1,1,12,2,21
3,1,1,1,2,4,1,1,2,1,17,1,28
1,1,1,1,1,1,1,1,1,1,10,2,32
1,1,1,1,4,4,2,4,4,4,26,1,35
4,4,4,4,4,4,4,4,1,3,36,1,23
4,3,2,2,1,4,3,2,3,4,28,1,28
2,3,2,2,1,2,1,1,1,3,18,2,20
1,1,1,1,1,1,1,1,1,1,10,1,27
1,1,1,1,1,1,1,1,1,1,10,1,27
3,3,3,2,4,4,4,4,4,3,34,1,26
2,2,2,1,3,4,2,2,1,4,23,2,31
2,1,1,1,1,3,1,1,1,1,13,1,21
1,1,2,1,2,4,2,1,3,4,21,1,37
4,2,2,1,2,4,2,2,4,3,26,3,53
1,1,1,1,1,2,1,1,1,2,12,1,20
4,4,3,2,4,3,3,2,2,3,30,1,56
4,4,4,2,2,4,3,4,4,4,35,1,38
2,4,4,3,4,4,4,4,4,1,34,1,18
3,3,3,1,3,3,3,2,3,3,27,2,42
3,4,4,4,3,4,3,3,2,4,34,2,26
1,2,2,1,1,3,1,1,1,1,14,2,19
1,1,1,1,1,4,1,1,2,4,17,1,32
1,2,1,2,2,3,2,2,1,2,18,1,19
2,2,2,1,1,2,2,2,3,1,18,1,32
2,2,2,2,3,3,2,2,4,2,24,1,29
2,1,2,1,2,3,2,2,1,1,17,1,31
2,2,4,4,3,3,2,3,4,3,30,1,56
1,1,1,1,1,4,1,1,4,1,16,1,18
1,2,1,1,2,1,1,1,1,1,12,1,14
2,1,2,1,2,4,2,4,4,4,26,2,28
2,1,1,1,1,2,1,1,2,2,14,1,27
1,1,1,1,1,2,1,1,2,1,12,2,17
2,2,2,3,2,4,3,2,4,2,26,1,35
2,2,2,1,1,2,2,1,1,1,15,1,39
1,1,1,2,1,2,1,1,2,2,14,1,20
1,2,2,3,1,4,1,1,1,1,17,1,24
2,1,1,1,1,3,1,1,1,1,13,1,20
3,2,3,2,4,4,3,3,4,4,32,2,18
2,3,4,4,4,3,2,4,4,4,34,1,26
2,2,2,2,1,2,1,2,3,2,19,1,30
2,2,2,2,2,3,2,3,3,2,23,1,21
2,3,3,2,4,3,3,3,4,3,30,1,32
1,1,1,1,1,2,1,1,1,4,14,1,50
1,1,1,1,4,4,2,1,3,1,19,2,38
2,1,1,1,2,3,1,2,3,3,19,1,20
1,1,1,1,1,2,2,2,2,1,14,1,47
1,1,1,1,2,3,2,1,3,4,19,1,40
1,2,2,2,3,4,2,3,4,1,24,2,25
2,1,3,3,3,4,1,1,1,4,23,1,24
3,3,4,4,4,4,2,4,2,4,34,2,39
1,2,3,2,3,3,2,3,4,2,25,1,23
4,4,4,4,4,4,4,4,4,4,40,1,30
3,2,1,1,3,4,4,2,4,3,27,2,22
2,3,2,2,2,3,3,2,1,2,22,1,30
3,1,2,3,3,3,3,3,3,4,28,1,20
2,2,3,4,2,4,2,2,4,4,29,2,41
1,2,2,1,1,2,2,2,2,1,16,2,48
4,4,3,1,3,4,1,2,1,2,25,1,36
2,3,3,3,1,3,2,2,3,2,24,1,22
2,2,3,3,2,3,1,2,1,1,20,1,30
1,1,1,1,1,2,1,1,2,1,12,2,21
2,4,4,4,3,2,2,2,2,1,26,1,37
1,1,1,4,3,4,2,4,1,1,22,1,18
2,2,2,2,2,2,2,2,2,3,21,2,19
4,4,3,1,3,4,2,4,4,4,33,1,25
2,3,2,1,2,4,4,4,4,4,30,1,32
2,4,4,4,4,4,4,4,4,3,37,1,25
1,2,3,1,2,4,4,3,4,1,25,1,41
3,2,2,1,3,1,2,3,4,3,24,1,18
2,1,2,1,2,2,3,2,3,4,22,1,39
3,1,1,1,2,4,2,2,2,0,18,1,27
4,4,4,1,3,4,4,2,4,4,34,2,26
1,2,1,2,1,2,1,2,2,1,15,2,21
2,1,1,1,2,4,3,3,2,4,23,1,32
4,4,4,4,4,4,4,4,2,4,38,1,44
2,1,1,1,1,2,1,1,1,2,13,2,31
3,3,2,1,2,3,3,2,4,4,27,1,58
1,1,2,1,1,4,4,2,4,1,21,2,23
3,2,3,2,1,2,3,3,3,3,25,1,34
3,2,2,3,4,3,3,2,3,4,29,1,30
4,4,4,2,4,4,3,3,4,4,36,1,43
2,2,2,1,1,4,1,1,2,4,20,1,25
4,4,4,2,3,4,3,3,4,4,35,1,25
1,1,1,1,3,2,1,1,1,1,13,2,19
3,2,2,3,2,4,2,2,2,3,25,1,29
2,1,2,2,2,1,1,1,1,4,17,1,28
4,4,4,4,4,4,4,4,0,4,36,1,18
1,1,2,3,3,3,2,1,2,1,19,2,20
4,1,4,4,4,4,1,4,1,2,29,1,37
4,4,4,4,4,4,4,4,4,4,40,1,39
2,1,1,1,3,4,2,2,3,1,20,1,24
3,2,1,1,1,3,2,1,1,3,18,1,48
4,4,2,1,1,0,1,1,1,2,17,1,50
2,2,2,2,2,4,1,2,3,1,21,1,22
1,1,1,1,2,4,1,1,1,2,15,1,42
1,1,1,1,1,4,1,1,1,1,13,1,40
4,4,3,1,3,1,1,4,4,2,27,1,45
1,1,1,1,1,3,2,2,2,1,15,1,24
4,3,4,2,1,4,3,1,1,2,25,1,54
4,4,4,4,4,4,4,4,4,4,40,1,33
4,4,4,3,3,4,4,4,4,4,38,1,28
2,1,2,4,3,3,2,1,2,2,22,2,21
4,4,4,3,3,4,3,3,2,3,33,1,39
2,2,4,4,4,4,4,3,4,4,35,1,25
1,2,2,1,1,4,1,1,4,3,20,1,59
3,2,2,2,3,4,3,2,4,4,29,1,46
1,1,1,1,1,1,1,1,1,1,10,1,27
3,3,3,1,1,2,2,4,3,3,25,1,43
3,4,2,3,4,3,2,4,4,2,31,2,20
3,2,2,3,4,3,4,3,1,4,29,1,33
4,4,4,1,4,4,2,2,3,4,32,1,34
2,1,2,1,2,3,3,2,3,3,22,1,17
2,2,1,1,1,2,1,2,1,3,16,1,34
4,2,2,2,4,4,4,3,4,3,32,1,33
3,3,4,4,4,4,4,4,2,4,36,1,21
4,4,4,3,2,4,2,2,2,1,28,1,61
1,1,1,1,1,2,1,1,1,1,11,1,22
3,3,2,2,2,4,4,3,4,4,31,1,48
3,3,1,2,2,4,4,4,4,2,29,1,42
2,1,2,2,2,4,3,2,4,3,25,1,25
1,2,2,4,2,4,4,4,4,1,28,1,28
2,1,2,1,1,2,1,2,2,1,15,1,29
1,1,1,1,1,2,1,1,1,3,13,2,28
2,2,2,1,2,1,3,3,3,1,20,2,52
2,1,3,4,2,4,4,4,1,4,29,2,28
4,3,3,3,3,4,4,4,2,2,32,1,25
2,2,1,2,2,3,3,2,2,2,21,1,45
3,2,1,1,2,4,1,2,0,1,17,2,18
1,3,1,1,4,4,4,4,4,1,27,2,30
2,4,4,2,4,4,4,4,4,4,36,2,55
3,3,3,2,3,4,3,3,4,4,32,2,50
3,4,4,2,3,4,4,4,4,4,36,1,33
3,4,3,3,2,4,3,2,4,2,30,1,25
1,1,1,1,1,3,1,1,1,1,12,1,20
1,1,1,1,1,1,1,1,1,1,10,2,27
1,1,3,1,2,3,1,1,1,1,15,1,28
4,3,3,2,2,4,2,2,2,2,26,2,27
1,2,2,1,3,2,1,1,4,1,18,2,35
1,1,1,1,1,4,1,1,1,1,13,1,51
1,2,3,1,2,4,2,3,4,1,23,1,28
4,4,4,4,4,4,4,4,4,4,40,2,18
1,1,1,1,1,1,1,1,1,2,11,1,20
4,3,4,4,4,4,3,3,4,2,35,2,17
2,2,4,1,2,4,1,4,4,3,27,1,19
2,3,2,3,4,4,3,3,2,4,30,1,16
2,2,1,1,4,3,4,1,1,3,22,2,38
4,2,3,3,2,3,1,2,1,2,23,2,24
2,2,3,1,2,4,2,2,4,3,25,1,23
4,4,3,1,3,3,3,3,3,1,28,1,28
3,3,2,1,1,2,2,2,1,1,18,1,35
1,1,3,2,3,3,3,4,3,1,24,1,27
4,4,4,4,4,4,4,4,4,4,40,1,22
4,3,3,2,2,4,3,3,3,4,31,1,42
2,3,2,2,2,3,2,3,3,3,25,1,29
2,3,2,2,2,2,2,2,2,2,21,1,28
4,4,1,1,1,4,1,3,1,4,24,1,32
2,2,2,2,2,3,3,0,2,2,20,1,51
2,1,1,3,4,4,4,4,1,1,25,2,20
2,1,1,1,1,1,1,1,1,1,11,2,18
2,1,1,1,1,2,1,1,2,3,15,1,27
4,4,3,2,2,4,2,3,2,1,27,1,20
3,3,3,3,3,3,3,3,3,3,30,1,49
2,3,1,2,1,4,3,3,3,2,24,2,28
2,1,1,2,3,3,2,2,2,3,21,2,39
2,2,1,1,1,2,1,2,2,2,16,1,16
2,2,2,2,2,3,2,2,2,3,22,1,26
1,2,2,1,2,2,2,3,3,1,19,2,19
1,1,1,1,1,2,1,1,2,1,12,1,46
2,2,1,1,3,4,2,2,1,1,19,1,32
3,2,3,2,2,1,2,1,2,1,19,2,46
1,1,1,1,2,2,1,1,1,2,13,1,25
1,3,1,1,1,2,2,0,3,1,15,1,52
2,1,2,1,1,4,3,3,3,4,24,1,32
3,1,1,1,1,4,1,1,1,4,18,2,37
4,2,1,2,2,3,1,3,2,1,21,2,22
4,4,3,4,2,3,2,3,3,3,31,1,49
4,4,4,3,2,3,2,2,3,3,30,1,49
4,3,3,3,1,2,2,2,2,2,24,1,30
2,1,1,1,2,3,1,2,2,1,16,2,31
3,2,3,1,1,4,2,1,2,2,21,1,25
2,1,1,1,2,3,2,1,1,4,18,1,18
2,1,1,1,1,1,1,2,2,2,14,1,29
2,2,2,1,1,4,2,1,2,3,20,1,26
2,2,2,2,3,4,2,4,3,1,25,1,30
2,3,2,2,4,4,3,4,4,4,32,1,37
1,1,1,1,1,4,2,2,2,2,17,1,25
4,4,4,4,4,4,1,4,1,4,34,1,57
2,4,2,2,2,2,3,3,2,1,23,1,55
2,1,1,1,1,1,2,1,1,1,12,1,55
2,2,2,4,2,4,4,3,4,4,31,1,35
2,2,2,3,1,4,1,2,1,3,21,1,63
3,2,1,1,2,2,3,2,3,4,23,2,18
0,0,0,0,0,0,0,0,0,0,0,1,40
3,3,2,1,2,3,1,1,3,3,22,2,23
1,3,3,1,1,2,2,1,2,4,20,1,20
2,2,3,2,2,4,2,2,2,3,24,1,38
1,1,1,1,1,2,1,1,1,1,11,1,58
3,4,4,2,3,4,3,3,3,1,30,1,40
3,2,3,2,2,4,1,2,1,2,22,1,32
4,3,2,3,2,3,2,2,2,4,27,2,24
1,1,1,1,1,2,1,1,1,1,11,1,38
2,2,2,2,3,3,2,1,2,3,22,1,33
2,2,3,3,4,0,3,0,2,4,23,1,36
3,4,4,3,4,4,3,4,4,3,36,1,18
4,1,2,1,2,4,2,2,4,4,26,1,50
1,1,1,1,1,1,2,2,1,2,13,1,29
2,1,1,1,2,3,1,1,1,3,16,1,25
3,2,2,1,2,4,1,1,1,4,21,1,37
3,4,4,1,3,4,3,3,4,4,33,2,33
1,2,4,1,3,4,3,1,4,1,24,2,18
3,4,3,2,2,4,3,3,3,4,31,1,50
1,1,1,1,1,2,1,1,1,1,11,2,22
3,3,3,3,3,4,3,3,2,3,30,1,22
1,1,1,1,1,1,1,2,1,1,11,1,19
1,1,1,1,1,3,1,1,1,1,12,2,28
2,0,3,3,4,3,3,4,4,4,30,1,27
4,4,4,4,2,4,4,4,4,4,38,1,42
2,2,2,2,3,3,2,2,3,2,23,1,45
2,2,1,1,1,1,1,1,1,1,12,1,52
2,1,2,1,2,3,1,1,3,2,18,2,21
4,4,4,4,4,4,2,3,1,1,31,1,27
4,3,2,4,4,4,3,4,4,1,33,2,33
1,2,3,1,3,3,3,2,3,2,23,1,23
2,2,2,1,3,3,2,2,4,3,24,1,19
2,2,3,3,1,4,2,3,4,4,28,1,39
2,3,2,2,4,4,3,2,4,4,30,2,25
2,2,1,1,1,2,1,1,1,2,14,2,20
2,2,1,1,1,2,2,1,1,2,15,1,60
3,3,3,2,2,1,1,2,3,2,22,2,20
2,1,1,1,2,2,1,1,1,2,14,1,43
3,2,4,2,3,4,3,3,2,2,28,2,18
4,4,4,4,4,3,3,3,4,4,37,1,25
2,2,1,2,0,3,2,2,2,3,19,1,30
4,4,4,4,4,4,4,4,4,4,40,1,40
3,2,4,3,3,4,3,4,4,3,33,1,22
2,1,1,1,2,3,2,2,2,2,18,1,38
4,4,4,3,2,4,3,3,1,3,31,1,21
1,1,1,1,1,1,1,1,1,1,10,1,29
2,2,2,2,2,2,1,2,3,3,21,1,27
1,1,1,1,1,1,1,1,1,1,10,1,35
1,1,1,1,1,3,1,2,1,1,13,1,48
2,1,2,1,3,3,2,2,1,3,20,1,24
1,1,1,1,1,1,1,1,1,1,10,3,38
2,3,3,2,4,3,2,2,2,3,26,2,58
2,2,2,2,2,3,2,2,2,3,22,1,36
3,2,2,2,4,4,2,4,4,2,29,2,32
4,4,4,3,4,4,4,4,4,4,39,1,66
2,2,3,3,1,4,3,2,3,1,24,1,21
2,2,2,2,1,3,2,2,3,1,20,1,24
2,2,3,3,3,3,2,2,3,4,27,2,17
2,1,1,1,2,2,1,1,1,4,16,3,38
1,1,2,2,2,4,1,1,3,1,18,2,39
1,1,1,1,1,4,1,1,2,2,15,2,22
4,4,4,2,3,2,3,4,3,2,31,2,38
3,3,3,1,1,4,1,1,2,1,20,1,24
2,2,3,2,3,3,2,2,3,3,25,2,33
1,1,1,1,1,2,1,1,2,1,12,1,19
1,1,1,2,1,2,1,1,1,1,12,2,24
2,2,2,3,3,4,3,4,4,4,31,1,21
3,3,3,3,4,2,4,4,4,3,33,1,29
2,3,4,3,4,4,4,4,4,3,35,0,29
2,2,2,1,2,4,2,2,3,2,22,1,25
2,2,3,1,2,4,1,1,2,3,21,2,26
2,1,1,1,2,3,2,1,2,1,16,1,44
1,2,2,2,1,1,1,2,1,1,14,1,29
1,3,4,4,4,4,3,4,3,4,34,2,22
2,3,2,3,1,2,2,2,1,1,19,1,31
1,2,1,1,1,2,1,1,1,1,12,1,62
4,4,4,4,4,4,4,4,4,4,40,1,55
1,1,1,1,1,2,1,1,1,2,12,2,22
1,1,1,2,1,4,2,2,2,1,17,1,25
2,2,1,1,2,2,3,2,3,1,19,1,20
3,2,1,1,3,4,3,3,4,4,28,1,36
3,3,4,4,2,3,4,3,3,1,30,1,38
2,3,3,3,3,3,2,3,3,4,29,2,17
2,2,2,1,1,3,2,1,1,1,16,1,31
2,2,3,1,3,4,3,3,4,3,28,1,45
2,2,1,2,3,3,2,2,1,3,21,1,22
1,1,1,2,1,3,1,1,1,1,13,2,24
4,3,4,4,4,4,4,4,4,3,38,1,31
2,3,2,2,2,2,2,3,3,3,24,1,20
1,1,1,1,1,1,1,1,1,1,10,2,29
3,2,3,3,3,4,3,3,3,4,31,1,84
1,2,1,1,2,2,1,1,1,1,13,1,21
1,2,2,2,2,3,2,3,3,3,23,1,38
2,2,2,1,3,4,3,4,2,4,27,1,27
2,2,2,1,2,3,2,3,2,2,21,1,33
2,1,1,1,2,3,2,3,4,2,21,2,21
4,3,2,2,3,3,3,2,3,3,28,1,24
3,4,3,2,3,4,4,4,4,3,34,1,19
3,2,1,2,3,3,1,2,3,4,24,2,24
3,3,3,3,3,3,3,2,1,2,26,1,56
3,2,3,2,4,4,4,4,4,1,31,2,19
4,4,3,3,1,4,1,2,4,4,30,1,47
3,4,2,2,1,3,1,1,1,2,20,1,55
3,2,1,1,1,2,2,2,1,3,18,2,27
3,2,1,1,2,4,2,1,2,3,21,1,24
2,1,1,1,1,3,1,1,3,1,15,1,16
4,4,4,4,4,4,4,4,4,4,40,1,36
1,1,1,1,1,4,1,1,4,2,17,1,20
3,4,4,1,4,4,3,4,4,3,34,2,65
2,2,2,1,1,1,2,2,1,2,16,1,20
4,2,2,2,4,4,3,3,4,4,32,2,32
3,2,1,2,1,3,1,4,2,4,23,1,25
1,1,2,2,2,3,4,4,2,1,22,3,18
1,1,1,2,1,2,1,1,1,1,12,1,26
1,2,2,2,2,4,2,3,3,3,24,2,18
1,2,2,1,1,3,1,1,4,1,17,1,17
1,1,2,1,2,3,2,1,2,1,16,1,24
2,2,3,2,4,4,3,3,1,4,28,1,23
4,4,4,1,3,3,4,3,3,3,32,1,46
4,4,4,4,4,4,3,3,4,4,38,1,48
4,3,3,3,3,4,4,4,4,3,35,1,59
2,1,3,2,2,4,3,2,2,2,23,2,26
1,1,1,2,3,4,2,2,2,1,19,1,46
1,1,1,1,1,1,1,1,1,1,10,2,19
4,3,2,1,1,2,4,4,2,4,27,2,22
4,4,2,1,1,4,4,0,4,4,28,2,22
4,4,2,2,1,3,4,4,4,4,32,2,22
2,2,3,2,3,3,1,3,3,2,24,2,18
3,4,2,1,1,2,3,4,2,4,26,2,29
4,4,4,4,3,4,4,2,3,3,35,2,20
2,2,1,2,3,4,1,1,2,4,22,2,44
3,1,2,3,4,4,3,4,4,4,32,1,30
4,2,2,2,4,4,4,3,3,2,30,2,19
3,3,3,1,4,3,3,2,3,3,28,1,53
2,3,2,2,3,4,2,3,3,4,28,2,27
4,4,4,4,4,4,4,4,4,4,40,1,55
4,4,4,4,3,4,3,4,4,4,38,2,25
3,2,3,2,2,3,1,1,1,3,21,1,52
3,3,4,4,4,3,4,4,3,3,35,1,23
2,3,3,1,2,1,1,2,3,4,22,1,42
3,3,2,2,3,4,2,2,2,4,27,2,21
1,1,1,1,2,3,2,1,2,4,18,1,29
1,1,2,1,1,4,1,1,4,1,17,1,21
4,3,3,2,2,4,3,3,3,2,29,2,33
2,2,2,2,3,2,2,2,4,2,23,1,60
4,4,3,3,2,4,3,2,4,4,33,1,46
1,1,1,1,1,2,1,1,3,1,13,2,25
1,1,1,1,2,2,1,2,3,1,15,1,18
1,2,2,1,2,4,3,2,2,1,20,1,41
3,1,2,3,2,2,1,2,2,3,21,1,18
1,2,3,2,2,4,1,2,3,1,21,1,31
3,3,3,3,2,4,2,2,2,2,26,3,33
4,3,2,1,4,1,4,4,2,1,26,1,19
2,2,2,1,4,4,1,4,4,1,25,2,18
2,1,1,1,2,2,1,1,1,3,15,1,36
2,1,2,1,3,3,1,2,2,3,20,1,32
1,4,4,4,4,4,4,4,4,4,37,1,32
2,1,1,2,2,2,1,1,1,2,15,2,33
3,3,2,1,1,4,3,3,3,1,24,1,33
3,3,2,3,2,4,3,2,2,2,26,2,21
4,4,3,3,3,3,3,4,4,4,35,2,27
2,2,3,2,2,3,3,3,3,4,27,1,30
1,1,1,2,2,2,1,2,3,2,17,1,33
2,1,2,2,2,3,2,2,1,2,19,2,37
2,2,1,1,3,1,4,4,2,1,21,2,24
1,1,1,1,1,1,1,1,2,4,14,1,20
3,4,4,4,3,4,3,3,3,3,34,1,50
4,3,4,3,3,4,3,3,3,4,34,2,34
3,3,4,3,3,4,2,3,3,4,32,2,19
2,1,2,2,1,3,2,2,2,3,20,1,20
3,2,3,1,1,3,2,1,1,3,20,1,20
1,1,2,1,1,3,1,1,4,4,19,1,31
3,3,4,3,4,4,2,4,2,4,33,1,53
3,4,3,3,1,3,3,4,3,2,29,1,26
3,3,3,2,1,4,4,3,4,2,29,1,26
1,1,1,1,2,2,2,1,1,2,14,1,32
1,1,1,1,1,1,1,1,1,1,10,2,22
4,3,3,4,2,4,3,4,2,4,33,2,20
4,3,3,2,4,4,3,1,1,1,26,1,22
3,3,2,2,3,3,2,3,3,3,27,1,23
3,1,1,1,2,2,3,2,3,2,20,2,26
2,4,4,4,2,3,2,3,0,3,27,1,41
2,1,1,2,2,3,2,2,4,2,21,1,31
3,2,3,3,4,4,4,4,2,4,33,2,19
3,3,3,2,4,4,3,4,4,4,34,2,34
2,2,1,1,1,1,2,1,3,1,15,2,21
1,1,2,2,1,3,1,1,1,3,16,1,21
1,1,1,1,1,1,1,1,1,1,10,2,21
3,2,3,1,2,3,2,2,3,3,24,1,31
2,2,2,2,1,4,1,2,1,4,21,1,37
3,2,2,2,2,4,2,2,3,2,24,1,39
2,1,2,1,4,4,1,3,4,4,26,2,21
2,1,1,1,1,2,1,1,1,1,12,1,50
0,0,0,0,0,0,0,0,0,3,3,1,38
2,3,1,2,2,4,3,3,3,4,27,1,55
2,1,2,2,3,3,2,2,4,2,23,1,23
4,2,4,2,3,3,3,3,4,4,32,1,35
2,2,3,2,4,4,2,2,2,1,24,2,15
1,2,2,1,1,4,2,2,4,1,20,1,19
3,2,2,2,4,4,2,3,4,4,30,2,31
2,2,2,1,2,4,2,2,1,2,20,1,46
4,4,4,4,4,4,4,4,4,2,38,1,42
4,2,2,3,1,4,1,1,2,2,22,1,24
3,2,3,3,3,4,4,3,4,4,33,1,31
3,3,3,3,3,3,3,3,3,3,30,1,45
3,4,4,4,4,4,1,3,4,4,35,1,20
3,2,2,1,4,4,3,3,2,4,28,2,23
4,3,3,1,4,4,3,3,3,4,32,2,23
2,2,2,1,1,2,1,1,1,1,14,1,22
1,1,1,1,1,2,1,1,1,1,11,1,31
4,4,4,2,2,4,4,3,2,4,33,1,30
2,1,1,1,1,3,1,1,1,2,14,1,46
1,1,1,1,2,4,2,3,2,3,20,1,35
4,1,3,4,2,4,2,4,4,4,32,1,17
1,1,1,1,1,1,1,1,1,1,10,1,16
1,1,1,1,2,4,1,1,1,4,17,2,22
3,3,2,2,4,2,4,4,1,4,29,1,18
1,1,1,1,1,2,1,1,1,1,11,1,35
4,4,4,4,2,4,2,4,4,4,36,1,41
4,4,3,3,2,4,3,1,4,4,32,1,20
3,2,1,2,1,3,1,3,3,3,22,1,14
1,1,1,1,3,3,3,3,1,2,19,1,22
2,2,0,3,3,3,2,2,3,2,22,2,17
1,2,2,1,1,2,2,1,1,2,15,1,40
2,4,4,3,3,3,2,2,3,4,30,1,62
1,2,2,1,1,3,2,2,3,2,19,1,19
2,4,2,2,3,4,4,2,3,2,28,2,20
1,1,2,1,3,3,1,1,2,1,16,2,18
4,4,4,4,4,4,4,4,4,4,40,1,29
2,3,2,2,2,2,3,2,2,1,21,2,25
1,1,2,1,1,2,1,1,1,2,13,1,22
3,1,1,2,1,3,1,1,3,4,20,2,68
4,3,2,3,3,2,2,3,4,3,29,1,22
4,4,4,3,2,3,4,2,4,4,34,1,38
2,2,2,3,2,3,2,2,2,3,23,1,33
2,2,2,1,1,2,1,2,1,3,17,0,25
3,3,2,2,3,4,4,2,4,2,29,2,19
2,3,2,1,1,1,2,1,2,4,19,1,43
4,2,4,4,2,3,4,3,1,2,29,1,50
1,2,2,3,2,4,1,1,3,1,20,2,18
2,2,1,1,1,2,1,1,2,1,14,1,48
2,4,4,4,3,3,2,1,1,1,25,2,20
3,4,2,1,1,2,1,2,4,1,21,1,52
1,1,1,1,1,2,1,1,1,1,11,1,35
1,3,4,1,4,4,4,4,4,4,33,1,24
2,1,1,1,2,3,2,2,1,4,19,1,37
4,4,4,4,4,4,4,4,4,4,40,2,27
2,3,2,2,2,3,3,3,3,3,26,1,25
1,4,4,3,2,4,4,3,4,4,33,1,45
4,4,2,1,4,1,4,4,4,4,32,2,33
2,1,1,1,2,2,2,2,2,2,17,1,31
1,1,1,1,2,2,1,2,1,1,13,1,28
2,2,2,2,1,2,1,1,2,1,16,1,34
4,3,3,4,3,4,3,3,3,4,34,1,37
1,0,1,1,2,2,1,1,2,2,13,2,26
3,3,4,4,3,2,3,2,3,3,30,1,60
3,3,3,1,1,3,1,2,3,3,23,1,46
2,4,4,4,4,4,4,4,0,4,34,1,31
2,3,3,3,3,4,2,2,4,1,27,2,32
2,1,1,1,2,3,3,3,3,2,21,1,25
2,2,2,2,1,4,1,2,3,4,23,2,24
3,2,4,1,3,4,3,3,2,1,26,2,20
3,2,2,2,2,4,0,2,1,3,21,1,32
2,2,2,1,1,3,2,1,4,1,19,1,18
1,2,1,1,1,2,1,2,1,1,13,2,27
1,1,1,1,4,4,1,1,1,4,19,1,34
3,4,4,3,4,4,4,4,4,4,38,2,27
2,3,3,3,2,4,3,3,3,2,28,2,18
3,2,2,2,2,4,3,2,3,3,26,2,19
3,4,3,2,3,4,2,3,4,4,32,2,24
1,1,1,1,1,1,1,1,1,1,10,1,24
4,4,3,1,4,4,4,3,1,4,32,1,28
2,1,2,1,1,2,1,1,2,4,17,1,21
4,4,4,4,4,4,4,4,4,4,40,1,30
2,2,2,2,2,3,2,1,3,1,20,1,52
2,3,3,2,1,4,1,2,3,2,23,1,44
2,2,2,2,1,2,1,1,2,3,18,2,27
2,3,3,3,2,4,2,3,4,4,30,1,40
2,1,2,2,3,4,2,2,3,3,24,2,27
4,1,3,1,3,4,4,4,4,2,30,1,45
4,4,4,4,4,4,4,4,4,4,40,1,15
1,1,1,2,1,2,1,1,1,1,12,2,24
2,1,3,3,2,4,3,3,4,1,26,3,23
4,3,3,2,4,4,4,4,1,4,33,1,19
1,1,1,1,1,2,1,1,2,1,12,2,19
2,4,2,3,2,3,3,4,2,1,26,1,30
3,2,2,4,4,4,3,3,3,4,32,2,21
3,3,3,2,3,3,2,3,3,3,28,2,33
1,3,3,3,1,3,1,2,3,2,22,2,16
1,2,1,2,1,4,4,1,4,1,21,1,32
1,1,1,2,1,2,1,1,1,1,12,2,18
4,4,4,4,4,4,4,4,4,4,40,2,20
2,1,1,1,1,3,1,2,1,1,14,1,23
4,4,4,4,4,4,4,4,4,4,40,1,21
2,4,2,2,2,3,4,3,4,4,30,1,30
2,2,3,2,3,3,3,3,3,1,25,1,35
2,1,2,2,2,3,2,2,1,3,20,1,25
1,1,1,1,1,1,1,1,2,1,11,2,20
2,1,1,1,2,3,1,1,1,2,15,1,21
4,4,3,2,4,4,3,3,2,3,32,2,46
1,1,3,4,1,4,2,1,2,3,22,1,32
1,1,2,2,1,3,2,3,4,3,22,1,28
2,3,3,2,3,4,2,4,4,4,31,1,19
1,3,4,4,4,4,2,2,1,4,29,1,23
1,1,1,1,1,1,1,1,1,1,10,1,50
3,3,2,1,3,4,2,4,2,4,28,1,31
1,1,2,1,3,3,3,3,2,2,21,2,20
3,3,3,4,4,4,4,4,4,3,36,1,21
4,3,2,1,2,3,4,3,4,4,30,1,36
4,3,2,1,3,3,2,2,2,4,26,1,40
2,1,1,2,1,3,1,1,3,3,18,1,23
3,2,3,1,3,3,3,2,1,2,23,2,18
2,4,1,1,1,4,3,2,1,2,21,2,22
1,2,1,1,1,3,1,2,1,2,15,1,53
3,3,3,1,4,3,3,3,3,1,27,2,36
1,1,2,1,3,4,3,3,4,2,24,2,18
1,2,3,1,4,4,4,3,4,1,27,2,19
4,2,1,1,2,2,2,2,3,2,21,1,26
1,2,1,1,3,3,2,1,1,1,16,2,20
2,1,2,1,1,3,1,1,2,2,16,1,21
1,1,2,1,2,2,1,1,2,2,15,1,29
2,1,1,2,1,1,1,1,1,2,13,2,28
2,1,2,1,1,1,1,2,4,3,18,1,31
2,1,1,2,3,4,2,1,2,2,20,2,37
3,4,2,3,3,4,3,4,4,2,32,1,24
3,4,4,4,4,4,3,4,4,4,38,1,29
2,2,2,3,3,3,3,3,3,3,27,1,20
3,1,4,2,3,4,4,3,2,4,30,1,21
4,4,4,4,2,4,4,4,3,2,35,1,36
4,4,4,4,4,4,4,4,4,4,40,2,21
1,2,3,3,1,4,2,2,3,1,22,1,19
3,2,2,1,1,3,2,1,2,4,21,2,36
4,4,3,4,2,3,3,3,4,3,33,1,20
1,1,1,1,1,3,1,1,2,2,14,1,27
2,1,2,1,1,2,2,1,2,2,16,1,24
3,1,3,2,4,4,2,2,3,3,27,1,52
1,2,1,1,1,2,1,1,1,1,12,2,50
3,1,2,1,2,3,1,2,3,1,19,1,38
1,1,1,2,1,1,1,1,1,3,13,1,59
1,1,1,1,1,2,1,1,1,1,11,2,52
3,1,2,1,2,4,2,1,2,1,19,1,25
2,2,3,2,2,4,1,2,3,2,23,2,17
1,3,1,1,1,2,1,1,1,1,13,1,38
1,1,1,1,1,2,1,2,1,1,12,2,41
3,2,2,2,1,3,2,2,3,3,23,2,38
4,3,2,1,4,4,2,3,4,4,31,1,30
1,1,1,1,1,3,1,1,2,2,14,1,26
1,1,1,1,1,2,1,1,1,2,12,2,41
4,4,4,2,4,4,4,4,4,2,36,1,47
3,3,3,2,2,4,4,3,2,3,29,1,35
1,1,1,1,1,3,2,1,1,1,13,1,34
1,2,1,1,1,2,1,1,2,1,13,2,23
3,2,2,3,3,4,2,3,3,3,28,1,43
2,2,3,2,1,4,3,2,3,2,24,2,38
4,4,3,1,4,3,1,3,4,4,31,1,37
4,1,4,1,1,1,4,2,2,4,24,1,56
1,1,1,1,1,4,1,1,4,2,17,1,39
2,2,3,0,4,4,4,4,2,4,29,1,22
4,4,4,4,1,2,4,1,2,4,30,1,43
3,3,3,3,2,3,2,3,2,1,25,2,37
2,1,2,2,2,2,2,3,3,2,21,1,20
1,1,1,1,2,3,3,3,4,1,20,1,29
3,2,2,1,1,1,1,1,1,2,15,1,51
4,2,1,1,1,2,1,2,2,1,17,1,19
3,3,2,2,4,3,3,3,3,3,29,1,27
2,2,3,1,4,3,2,3,3,1,24,1,33
1,2,1,0,1,3,1,1,1,2,13,1,30
1,1,1,2,1,2,1,1,1,1,12,1,19
3,3,3,2,2,3,2,1,2,4,25,1,58
2,2,4,3,3,3,4,3,2,3,29,1,24
3,1,1,1,2,1,1,1,1,3,15,1,32
2,4,4,4,4,3,3,4,4,2,34,1,23
2,4,3,3,3,4,3,3,4,4,33,1,28
4,4,1,1,1,1,1,1,1,1,16,1,33
3,2,2,2,1,2,2,2,1,4,21,1,27
2,2,2,2,2,3,3,3,2,2,23,1,45
2,2,2,1,1,2,1,1,1,3,16,1,62
1,1,1,1,2,2,1,1,1,2,13,1,40
3,4,2,2,3,3,2,2,3,1,25,1,31
1,2,2,1,1,4,1,1,1,2,16,2,27
1,2,2,4,1,2,3,2,1,3,21,1,35
1,1,1,1,1,4,1,1,2,2,15,1,42
2,1,1,1,2,3,1,1,1,1,14,1,18
4,4,4,4,4,4,3,3,1,4,35,1,35
1,1,1,1,2,3,1,1,4,4,19,2,20
2,2,2,2,2,2,2,0,2,2,18,2,30
4,4,4,4,4,4,4,4,4,4,40,2,14
4,2,2,2,1,2,2,2,4,1,22,1,55
2,2,1,1,3,3,2,3,2,2,21,1,24
2,1,1,1,1,4,1,2,1,3,17,2,26
2,3,4,1,4,4,3,3,1,4,29,2,18
2,2,4,4,2,4,2,2,4,1,27,1,29
3,1,1,1,3,1,1,1,1,4,17,2,33
3,2,2,2,2,4,3,3,2,3,26,1,25
1,2,2,3,2,4,3,2,2,2,23,2,52
3,2,2,1,2,3,2,0,1,2,18,1,56
2,1,1,1,1,2,1,1,1,3,14,1,58
2,2,2,3,1,4,2,2,2,3,23,1,41
1,3,2,1,1,4,3,3,4,1,23,2,22
1,4,2,3,1,2,3,4,2,1,23,1,35
2,1,3,1,4,1,2,0,3,4,21,1,25
3,1,1,2,1,1,1,1,2,3,16,1,22
2,2,2,2,2,2,2,2,3,4,23,2,20
1,2,2,1,2,3,1,1,1,2,16,1,26
4,4,4,4,2,3,3,3,4,4,35,1,43
4,4,4,1,2,4,4,4,4,4,35,1,32
1,2,3,3,1,4,2,3,4,1,24,1,23
2,2,2,2,1,2,2,2,2,2,19,1,53
3,3,3,2,3,3,2,2,3,4,28,2,40
1,2,3,1,1,4,2,2,2,2,20,1,44
2,1,1,1,1,4,1,1,1,3,16,1,51
4,4,4,4,4,4,4,4,4,4,40,1,20
1,1,1,1,1,3,1,1,1,2,13,1,54
1,1,2,2,1,2,1,1,2,3,16,1,31
2,1,2,1,1,4,1,1,4,4,21,2,19
2,2,2,1,2,4,2,2,4,3,24,2,19
1,2,2,1,1,2,1,2,3,2,17,1,23
2,1,1,1,1,4,2,2,2,2,18,2,37
2,1,1,1,2,3,2,1,3,1,17,1,33
2,3,2,2,1,3,1,2,4,3,23,1,22
4,2,4,2,2,4,4,4,4,4,34,1,16
2,2,1,1,3,4,3,2,2,1,21,2,18
3,3,1,1,1,2,1,2,2,3,19,2,27
4,2,2,3,4,4,3,3,4,1,30,2,24
3,1,1,1,2,3,3,2,3,2,21,2,21
3,3,3,1,2,2,2,2,2,3,23,1,56
4,4,4,1,4,4,3,4,4,4,36,1,41
3,4,3,4,3,2,3,4,3,4,33,2,21
3,3,3,2,1,2,1,2,1,1,19,1,54
3,3,4,3,4,4,4,4,0,1,30,1,30
1,2,1,1,3,4,1,1,4,4,22,1,38
3,3,4,4,4,4,4,3,4,4,37,1,14
3,4,4,3,3,4,4,4,2,4,35,2,36
4,2,4,3,1,4,1,2,4,4,29,1,19
1,1,1,1,2,3,2,1,3,3,18,1,25
1,1,1,2,2,3,1,1,2,4,18,1,31
3,2,1,3,4,3,2,3,2,4,27,1,25
3,1,2,1,2,2,2,2,1,2,18,2,26
2,2,2,4,4,4,2,3,3,4,30,1,51
3,3,3,1,3,2,1,2,3,2,23,1,50
1,1,2,2,2,3,2,2,2,2,19,2,45
2,3,4,2,4,4,2,2,4,3,30,2,23
4,4,4,3,2,4,2,2,1,4,30,2,26
3,3,3,2,3,4,2,2,3,3,28,1,32
1,2,2,4,2,3,3,3,2,1,23,1,24
4,3,4,3,3,4,4,4,4,4,37,1,53
1,2,2,1,3,3,1,3,2,3,21,2,17
1,1,2,1,3,4,1,2,1,2,18,1,19
2,2,1,1,2,3,2,1,2,4,20,1,42
3,1,1,1,1,2,2,3,3,4,21,1,32
2,2,2,2,3,4,3,3,3,2,26,1,33
4,2,2,1,2,3,3,1,3,4,25,2,28
1,1,1,2,2,2,1,1,1,2,14,1,32
1,1,1,1,1,1,1,1,1,1,10,2,31
2,3,2,3,2,4,1,2,4,2,25,1,21
2,3,3,3,4,3,3,4,3,3,31,1,30
3,4,2,3,3,2,3,3,3,2,28,2,25
2,2,2,1,1,3,1,2,2,4,20,1,35
2,3,2,2,2,3,1,1,1,4,21,1,41
1,1,1,1,1,2,1,1,1,1,11,1,40
3,4,4,4,4,0,4,4,4,2,33,1,37
2,4,4,3,2,4,4,4,4,4,35,1,25
2,1,2,1,2,3,2,2,2,2,19,1,26
2,1,1,2,1,4,2,2,2,4,21,1,45
1,1,1,1,1,2,1,1,1,1,11,1,30
1,1,1,1,1,3,1,1,1,1,12,1,54
1,2,2,2,1,3,3,3,3,3,23,1,27
2,3,3,1,1,3,2,2,2,1,20,1,27
1,2,2,1,2,4,3,2,3,4,24,1,18
2,1,1,1,1,4,2,2,3,1,18,1,50
3,2,2,3,1,4,2,2,2,2,23,1,26
1,1,1,1,2,3,1,1,2,1,14,1,21
2,2,1,1,2,2,2,1,1,2,16,1,43
2,1,1,1,1,3,1,2,1,2,15,1,19
3,2,2,3,4,4,3,3,2,3,29,2,15
2,2,3,1,1,4,2,1,3,2,21,1,25
2,3,3,3,2,2,2,2,3,4,26,1,29
3,2,2,2,2,3,3,2,3,3,25,1,37
1,2,0,2,0,4,1,1,0,2,13,1,44
2,1,3,2,3,3,2,3,2,3,24,1,28
1,2,2,2,2,3,2,1,1,1,17,2,22
1,1,1,2,2,4,2,2,1,3,19,2,29
1,1,1,1,1,2,1,1,2,2,13,1,78
3,2,3,2,3,2,3,2,3,2,25,2,15
4,3,2,4,4,3,2,4,4,1,31,2,19
2,1,2,1,1,4,1,1,1,1,15,1,42
3,2,2,1,4,4,2,2,1,3,24,2,25
1,2,3,2,2,4,3,3,2,1,23,1,19
1,1,1,1,1,2,2,1,1,2,13,1,54
3,2,4,2,4,4,2,2,4,4,31,2,32
4,4,4,4,4,4,4,4,4,4,40,2,38
3,3,3,2,4,4,4,4,4,4,35,2,24
4,3,3,2,2,4,2,4,2,1,27,1,64
2,2,0,1,1,4,1,2,3,2,18,1,23
3,3,2,1,1,4,2,1,1,3,21,1,58
1,1,1,2,1,4,1,1,1,2,15,1,19
1,1,2,1,1,2,1,1,1,1,12,2,18
2,1,2,1,1,4,2,2,1,1,17,1,38
4,4,4,4,3,4,3,3,4,3,36,1,44
1,1,1,2,1,3,2,2,3,1,17,1,19
4,2,1,2,1,3,3,3,3,3,25,0,50
1,1,1,1,2,2,1,2,1,1,13,2,20
1,2,1,1,2,3,2,2,3,1,18,1,19
1,1,1,1,1,3,2,2,1,1,14,2,16
1,3,3,1,2,4,2,3,4,1,24,2,18
2,2,2,1,2,2,1,1,3,3,19,1,24
2,3,3,4,4,4,2,4,3,4,33,2,18
2,3,3,2,4,4,2,4,3,1,28,2,15
2,4,2,1,4,3,4,4,4,1,29,1,48
3,2,1,1,1,4,1,1,3,3,20,1,36
3,2,3,2,3,4,3,3,2,4,29,1,40
2,1,1,1,1,3,2,2,3,3,19,1,32
2,1,1,1,3,3,1,2,3,3,20,1,23
1,1,1,1,1,2,1,1,1,2,12,1,23
3,4,4,4,4,4,2,3,2,2,32,2,20
1,1,1,1,1,4,1,2,3,1,16,1,14
3,3,3,3,1,4,2,2,2,4,27,0,46
4,3,2,2,3,3,2,2,1,4,26,1,37
4,2,2,1,2,2,2,1,1,1,18,2,43
3,3,3,3,3,3,3,3,3,3,30,1,27
4,4,3,4,2,4,3,2,2,4,32,1,50
4,1,1,4,4,4,4,4,4,4,34,1,28
1,1,1,1,1,4,2,1,1,2,15,1,44
1,2,3,2,3,3,3,2,3,3,25,1,59
4,3,2,2,4,3,4,3,3,2,30,1,44
4,2,1,2,1,3,3,2,4,1,23,1,49
1,1,2,1,3,4,2,2,2,2,20,1,23
1,1,1,2,4,4,4,4,4,4,29,1,44
3,3,3,2,4,4,4,4,1,1,29,2,24
2,3,1,1,3,3,2,2,3,3,23,1,23
3,3,4,4,4,4,3,1,2,4,32,1,55
3,3,4,2,3,3,3,3,4,4,32,1,39
2,4,4,3,4,4,4,3,4,1,33,1,16
4,3,2,1,2,4,2,3,1,4,26,1,32
1,1,1,1,2,3,3,2,3,4,21,2,29
1,1,1,1,1,2,1,1,1,1,11,2,17
3,2,3,1,2,4,2,2,3,2,24,2,19
2,3,2,2,2,3,3,3,3,2,25,1,30
3,2,2,2,3,4,2,2,4,4,28,1,26
4,1,2,3,3,4,2,2,3,3,27,2,25
4,4,4,4,3,4,4,4,4,4,39,1,25
1,1,1,1,1,1,1,1,2,4,14,1,22
3,2,2,2,3,3,2,3,3,4,27,2,42
1,1,1,1,1,2,1,1,1,4,14,2,27
3,4,3,2,1,3,2,4,1,2,25,2,18
2,2,1,1,4,3,2,2,2,4,23,1,16
2,2,3,2,3,3,1,2,4,1,23,1,16
2,1,1,2,3,4,3,2,3,4,25,2,28
2,2,3,3,2,2,3,3,3,3,26,1,51
3,4,4,2,3,3,4,4,4,3,34,1,42
3,3,3,2,2,3,3,3,3,3,28,1,24
3,3,3,4,4,3,3,3,4,3,33,1,28
2,1,2,2,1,4,2,2,4,4,24,1,20
4,1,1,1,4,4,1,2,4,4,26,2,38
2,2,3,2,3,4,2,3,4,4,29,1,24
1,1,1,1,1,2,1,1,2,2,13,1,24
1,1,1,1,1,3,1,1,2,1,13,2,40
3,2,2,2,3,4,2,4,4,3,29,2,27
2,2,3,2,2,4,0,2,1,2,20,1,42
1,2,1,1,1,2,2,1,1,2,14,1,64
4,4,4,4,3,4,4,4,3,3,37,1,42
1,1,1,1,1,1,1,1,1,1,10,1,28
2,2,2,3,2,3,2,3,3,4,26,1,18
2,3,2,2,2,4,3,3,4,3,28,1,23
4,3,3,2,4,4,4,4,3,2,33,2,23
1,1,1,1,2,3,1,2,1,1,14,1,25
3,3,2,1,1,2,2,2,2,2,20,1,40
1,1,1,1,1,2,1,1,2,2,13,2,27
1,1,1,2,2,2,1,1,1,1,13,1,19
1,1,2,1,1,3,2,2,2,1,16,2,31
2,3,2,3,3,3,2,2,3,3,26,2,20
1,1,1,2,1,1,1,2,1,2,13,1,23
1,2,2,1,1,4,3,1,2,3,20,1,50
1,1,1,2,1,2,1,1,1,1,12,2,37
3,3,1,2,1,4,1,1,1,4,21,1,47
3,3,2,1,1,2,2,2,3,2,21,1,30
1,4,4,4,4,2,4,4,1,4,32,1,22
1,4,4,4,2,1,1,4,4,1,26,1,28
3,1,2,2,2,3,2,1,1,1,18,1,29
1,1,2,1,3,2,2,2,3,3,20,2,30
1,2,2,2,2,2,1,1,2,1,16,1,52
3,2,1,1,1,3,2,2,3,2,20,3,15
2,1,1,1,1,2,1,2,2,1,14,2,43
3,3,2,2,2,3,3,3,3,1,25,1,21
4,4,4,4,4,4,4,4,4,4,40,2,42
1,1,1,1,2,4,1,1,2,3,17,1,49
2,1,2,1,3,4,2,2,1,2,20,2,23
1,1,1,1,1,1,1,1,1,3,12,1,27
2,1,2,1,2,4,3,3,4,1,23,2,23
3,2,1,1,2,1,2,2,3,4,21,2,27
2,3,4,2,4,4,4,2,4,2,31,1,37
4,4,4,2,2,3,3,3,3,4,32,1,44
4,4,1,1,2,4,3,4,4,4,31,1,59
3,4,4,4,3,3,2,3,3,2,31,1,22
4,3,3,2,2,4,4,3,3,2,30,1,30
2,3,2,2,3,1,3,3,3,1,23,2,25
1,1,1,1,1,1,1,1,1,2,11,1,18
2,1,2,1,3,3,1,2,1,3,19,2,18
2,2,1,2,1,3,2,3,2,3,21,1,19
1,2,1,1,1,3,3,2,3,2,19,1,25
4,4,4,4,4,4,1,1,2,4,32,1,71
4,4,4,4,4,4,0,4,4,3,35,1,31
2,1,1,1,1,4,1,1,4,1,17,1,64
1,1,1,1,1,2,1,1,1,2,12,1,40
2,3,3,1,2,2,2,2,3,4,24,2,31
2,1,1,1,1,3,1,1,1,2,14,1,23
2,2,1,1,2,4,4,4,4,4,28,2,21
2,2,1,2,2,2,2,2,3,2,20,1,20
1,2,2,1,3,3,2,1,1,1,17,2,43
3,2,2,3,2,3,2,2,2,3,24,1,41
2,2,0,2,3,3,2,2,3,3,22,2,31
4,4,4,2,2,3,3,2,2,4,30,1,51
1,2,3,1,1,3,1,2,1,1,16,1,25
2,1,1,2,2,3,1,2,1,2,17,1,30
2,4,3,3,2,4,3,3,4,3,31,1,15
2,2,4,3,3,4,3,3,2,3,29,1,27
2,2,3,2,4,4,3,3,3,3,29,2,23
4,4,4,4,1,4,4,4,1,1,31,1,17
2,3,4,4,2,4,4,3,4,4,34,1,40
1,1,1,1,1,2,1,1,2,4,15,1,43
3,3,3,1,3,3,3,4,4,2,29,1,26
1,2,1,2,1,3,1,1,3,1,16,1,20
1,1,1,1,1,2,1,1,1,1,11,2,19
2,2,2,2,2,2,1,2,1,3,19,1,16
2,2,2,2,1,3,1,1,1,1,16,1,19
2,2,2,1,1,2,1,1,1,2,15,1,22
3,1,2,1,2,4,3,2,4,3,25,1,21
4,3,1,2,4,4,4,4,1,3,30,2,19
3,2,4,4,2,4,1,1,2,1,24,1,29
1,2,1,1,2,2,2,1,2,1,15,1,23
1,2,1,1,1,2,1,1,3,1,14,2,18
1,2,2,1,1,3,1,1,1,1,14,1,49
3,3,3,3,3,3,3,2,3,3,29,2,25
3,3,2,1,1,3,1,1,3,3,21,1,30
4,4,3,1,1,4,3,4,4,3,31,1,57
2,1,1,1,1,4,1,1,2,2,16,2,20
2,1,1,1,2,2,1,1,3,1,15,2,18
2,2,1,3,4,4,4,4,4,2,30,1,20
1,1,2,1,2,3,2,2,1,2,17,1,22
1,1,4,4,4,4,1,4,4,4,31,1,20
2,1,2,1,1,3,2,1,2,2,17,2,37
3,2,4,4,4,4,2,4,2,2,31,2,25
1,1,1,1,1,4,1,1,1,1,13,1,44
3,4,3,1,2,3,3,4,4,1,28,1,17
3,1,2,2,1,1,2,2,1,1,16,1,22
2,1,2,1,1,2,2,1,2,2,16,1,54
4,4,4,4,4,4,2,4,4,4,38,1,40
2,3,4,3,3,4,4,4,4,4,35,1,30
2,1,2,1,2,4,2,2,2,2,20,1,39
2,1,2,1,1,3,1,1,4,1,17,1,18
3,4,4,3,3,4,3,3,4,4,35,1,24
4,4,3,4,4,4,4,4,2,3,36,1,30
4,4,4,4,4,4,2,4,4,2,36,1,30
1,1,1,2,1,3,1,2,2,1,15,1,18
3,2,1,1,1,1,1,1,1,4,16,2,32
3,2,2,2,1,2,2,3,4,3,24,2,22
4,4,4,3,2,4,3,3,2,4,33,1,27
3,2,2,2,2,4,2,2,4,3,26,2,22
1,1,2,2,1,4,2,1,2,2,18,1,39
2,2,3,3,3,4,4,4,4,4,33,1,28
4,3,3,2,3,3,2,2,4,3,29,1,20
2,2,2,2,2,4,2,2,2,3,23,1,32
2,1,1,1,1,2,1,1,1,1,12,1,34
2,2,2,1,2,3,3,2,3,4,24,1,50
3,1,1,1,1,4,3,3,2,4,23,1,25
1,1,1,1,2,2,2,4,4,2,20,1,20
4,3,3,3,3,4,4,4,4,4,36,1,14
1,4,1,1,1,1,1,1,1,1,13,1,24
3,3,3,2,4,4,4,4,4,4,35,1,19
4,4,4,4,4,4,4,4,4,4,40,2,34
4,4,4,4,3,4,4,4,2,3,36,1,52
3,2,2,1,1,4,1,2,2,4,22,1,46
2,4,3,2,4,4,4,3,4,4,34,1,33
1,4,2,2,1,4,1,1,1,4,21,1,45
4,1,1,3,2,2,3,2,2,4,24,1,21
2,2,2,1,3,3,1,0,1,2,17,2,27
3,2,3,3,2,3,3,0,3,3,25,1,50
1,1,1,1,1,2,1,1,1,1,11,3,21
4,4,4,3,4,4,3,3,4,4,37,1,27
3,2,2,1,3,4,2,2,1,3,23,1,26
4,4,3,3,4,3,3,4,3,4,35,2,20
4,4,4,4,4,4,4,4,4,4,40,1,46
4,3,4,4,3,4,2,3,4,4,35,2,18
2,2,1,2,1,3,1,2,2,2,18,1,26
2,2,1,2,1,2,1,2,1,1,15,2,29
3,2,3,2,4,4,3,3,3,4,31,1,32
3,3,3,1,2,3,2,2,4,4,27,2,19
1,1,1,2,2,1,1,2,1,3,15,1,19
4,3,2,1,2,2,2,2,2,2,22,1,42
1,1,1,1,1,1,1,1,1,1,10,1,21
1,1,2,1,3,4,4,4,4,1,25,1,35
2,3,1,2,3,4,1,2,2,2,22,1,25
4,3,1,1,1,4,1,3,3,1,22,1,26
3,2,1,1,1,3,1,2,2,2,18,2,23
3,2,1,2,2,3,2,2,2,2,21,2,23
1,4,1,1,4,4,4,4,4,4,31,1,41
2,1,1,1,2,2,1,1,4,3,18,1,20
1,1,1,1,1,1,1,4,2,3,16,1,26
4,4,4,4,4,4,3,4,4,3,38,1,40
1,1,1,1,1,3,1,1,3,1,14,1,20
2,2,2,2,2,4,2,3,4,2,25,1,40
1,1,1,1,2,1,2,1,1,1,12,1,59
3,1,4,2,3,4,2,1,1,3,24,1,40
2,1,1,1,2,4,1,1,4,4,21,1,23
3,2,2,1,1,3,1,2,2,3,20,1,30
1,1,1,1,3,3,2,1,2,4,19,1,27
4,4,3,4,4,4,3,3,3,3,35,2,26
3,3,4,4,4,4,2,3,2,3,32,1,19
4,4,2,2,2,4,3,3,2,1,27,2,21
4,4,2,3,2,4,2,2,3,3,29,1,51
1,1,1,1,1,1,1,1,1,1,10,1,44
4,3,2,3,3,4,4,3,4,3,33,2,22
4,2,2,2,3,4,2,2,2,2,25,1,36
1,1,1,1,1,2,1,1,1,1,11,1,19
4,4,1,1,2,4,1,2,4,4,27,1,28
4,4,4,4,4,4,4,4,4,4,40,1,28
4,3,2,4,3,4,4,2,2,2,30,1,31
1,1,1,1,1,4,3,3,4,3,22,2,19
3,3,3,3,4,4,3,3,2,4,32,2,25
1,1,2,2,1,4,1,1,2,2,17,1,26
2,3,2,3,3,4,3,2,1,2,25,1,39
1,2,2,1,2,4,1,1,2,4,20,2,31
2,1,2,1,2,0,2,2,2,3,17,1,68
3,3,2,2,1,2,1,1,2,3,20,1,53
1,1,1,1,1,2,1,1,2,1,12,1,32
1,1,2,2,1,1,2,1,1,3,15,1,27
3,2,4,2,2,4,3,3,4,4,31,1,44
2,3,3,3,1,3,3,2,4,1,25,1,42
4,4,3,2,2,4,3,4,4,3,33,1,41
2,2,1,0,3,3,2,3,3,3,22,1,22
1,2,1,1,1,3,1,1,1,1,13,1,27
4,4,4,1,1,4,3,1,4,4,30,1,46
1,4,4,3,2,4,3,2,1,1,25,1,33
3,2,3,4,4,4,3,3,3,4,33,2,21
1,3,2,3,1,4,2,2,3,4,25,2,20
2,2,2,2,2,4,1,1,1,3,20,1,45
4,4,4,4,1,3,4,3,3,3,33,1,55
1,1,1,1,1,2,1,1,3,3,15,1,20
2,1,1,2,1,2,1,1,1,1,13,2,20
3,3,4,4,4,3,3,3,3,4,34,1,30
1,4,3,1,2,4,4,4,4,4,31,2,18
4,3,3,3,4,4,4,4,3,4,36,2,30
3,3,3,2,3,3,2,3,3,3,28,2,26
3,4,2,2,1,2,1,1,1,1,18,1,28
4,2,4,3,4,3,3,3,3,4,33,2,40
4,4,4,4,4,4,4,4,4,4,40,1,22
1,1,1,1,2,4,2,2,4,1,19,1,25
1,1,1,1,1,1,1,1,1,1,10,1,29
3,3,3,4,2,3,4,3,4,4,33,1,23
2,2,2,3,2,3,2,2,1,2,21,1,18
1,2,2,2,4,4,4,4,4,3,30,2,22
1,1,1,1,2,2,1,2,3,3,17,1,41
2,2,2,1,2,3,1,1,2,3,19,1,26
2,3,2,1,1,2,2,2,3,1,19,1,23
2,2,2,1,3,4,2,3,2,2,23,1,28
1,4,4,3,2,3,3,4,3,4,31,1,31
3,4,4,4,4,4,3,3,3,3,35,1,48
1,1,1,1,1,1,2,1,1,1,11,1,32
4,2,2,2,4,4,2,3,1,4,28,1,29
2,2,2,1,1,3,1,1,3,4,20,1,59
4,3,4,1,1,3,3,2,4,4,29,1,24
1,1,1,1,0,2,1,1,2,2,12,2,46
3,2,1,1,1,4,1,3,2,1,19,1,20
1,2,1,3,2,2,1,2,4,2,20,2,20
3,3,3,1,3,4,3,4,4,4,32,2,20
2,3,3,3,2,2,3,3,2,1,24,1,23
2,1,2,1,3,2,1,3,2,4,21,1,18
1,1,1,1,1,2,1,2,1,1,12,1,28
2,1,2,1,3,4,4,2,4,4,27,2,42
3,4,4,2,4,4,4,4,4,4,37,1,23
4,2,2,2,2,4,3,3,4,2,28,1,21
3,3,4,4,2,4,2,3,2,4,31,2,46
3,3,3,2,3,3,3,2,4,3,29,1,40
1,1,1,2,1,4,1,2,1,1,15,2,19
1,3,1,1,1,2,3,3,3,1,19,1,23
1,1,1,1,1,2,1,1,2,1,12,1,25
4,4,4,2,4,4,4,4,4,4,38,1,22
1,3,3,4,4,4,4,4,4,4,35,1,30
1,1,1,2,1,2,1,1,2,2,14,2,49
3,3,4,4,3,3,2,3,1,3,29,2,18
1,1,2,2,1,1,1,1,1,2,13,1,60
2,2,2,2,4,4,1,3,1,2,23,2,32
1,2,2,1,1,1,4,3,3,1,19,1,58
3,1,1,1,2,3,2,2,4,4,23,0,41
3,3,4,4,3,2,3,4,3,3,32,1,22
4,3,2,2,2,4,2,4,2,4,29,1,21
1,1,1,1,1,1,1,1,1,1,10,2,19
3,2,2,1,3,3,2,2,3,3,24,2,22
3,2,3,1,1,3,2,1,3,3,22,1,35
1,1,1,1,2,2,1,1,1,1,12,2,23
2,1,1,1,1,1,1,1,1,1,11,2,39
1,1,1,1,1,2,1,1,1,1,11,2,28
1,2,1,1,4,4,4,3,3,3,26,1,25
4,4,4,2,3,3,3,4,4,4,35,2,32
1,2,1,1,1,2,1,1,1,1,12,1,32
1,1,1,1,2,3,2,3,4,1,19,2,22
2,1,1,2,4,3,3,3,1,4,24,1,42
4,2,2,2,2,4,3,2,1,4,26,2,33
1,1,1,1,4,3,1,1,1,1,15,1,32
2,2,1,1,1,3,2,1,1,1,15,2,22
3,3,3,3,3,4,3,3,2,4,31,1,21
1,2,1,2,1,4,2,1,1,3,18,1,50
1,2,1,1,2,3,1,1,2,1,15,1,24
4,4,4,4,4,4,4,4,4,4,40,1,35
1,1,3,2,2,2,2,1,1,2,17,1,48
3,3,3,2,1,4,2,2,3,4,27,2,41
3,3,1,1,2,3,2,3,1,1,20,2,23
1,2,2,3,1,3,3,2,3,2,22,1,43
1,1,1,1,2,3,3,2,2,4,20,1,42
1,1,1,1,3,1,1,1,3,1,14,1,23
4,2,2,1,2,4,3,2,3,4,27,2,22
1,1,1,1,2,4,1,1,1,1,14,2,18
2,2,1,1,3,4,1,3,2,1,20,2,18
1,1,3,2,2,4,4,4,4,3,28,1,28
3,2,2,2,2,2,3,3,2,1,22,2,28
1,1,1,1,1,2,1,1,1,1,11,2,32
4,4,4,4,4,4,4,4,4,4,40,1,21
3,2,1,1,1,1,1,1,1,4,16,1,17
3,2,4,2,4,4,4,4,3,2,32,1,29
2,1,1,1,1,4,1,1,3,4,19,1,23
1,3,1,1,1,2,2,2,1,1,15,1,19
3,3,3,2,2,4,4,2,3,3,29,1,38
3,4,3,2,1,3,3,3,3,3,28,1,45
4,4,4,4,4,4,3,4,3,4,38,1,48
2,2,1,1,1,2,2,1,1,2,15,1,28
2,1,2,3,3,4,2,1,4,4,26,1,19
2,4,3,2,3,4,2,3,4,2,29,2,31
2,2,1,1,3,3,2,3,3,4,24,1,35
3,2,2,1,1,2,2,1,2,2,18,1,46
4,2,4,3,2,3,1,2,3,4,28,2,22
1,1,1,2,4,2,1,1,1,1,15,2,16
2,1,1,1,2,3,1,2,1,3,17,1,32
1,1,1,1,2,4,1,1,1,2,15,1,38
1,1,1,1,1,2,1,1,1,1,11,2,22
4,2,1,1,1,3,1,1,1,4,19,1,21
3,3,3,2,3,3,2,4,3,2,28,1,43
3,4,4,3,4,4,4,3,4,3,36,2,50
2,3,3,2,2,4,2,3,2,4,27,1,26
1,1,1,1,2,3,4,4,3,3,23,1,42
4,4,4,4,4,4,4,4,4,4,40,2,44
2,3,2,2,4,4,0,3,4,2,26,2,46
4,4,4,2,4,4,3,3,4,4,36,2,32
2,1,1,1,2,4,2,2,1,1,17,2,34
1,2,3,1,2,4,2,2,3,1,21,2,34
2,2,2,2,2,3,3,2,1,1,20,1,55
1,1,1,1,1,1,1,1,1,1,10,1,26
1,4,4,1,1,1,4,4,2,1,23,1,20
2,1,3,1,1,3,2,2,3,3,21,1,35
4,4,4,3,3,3,4,4,4,2,35,1,55
4,4,4,4,3,4,2,4,4,4,37,1,33
2,1,3,1,2,4,2,2,1,4,22,1,31
3,4,4,4,4,4,3,3,2,3,34,2,21
2,1,2,2,3,4,2,1,1,4,22,1,26
3,3,4,4,4,4,4,4,4,3,37,1,40
3,3,2,3,2,2,2,2,2,3,24,1,27
1,3,3,2,4,4,3,3,3,4,30,2,47
3,2,2,2,4,4,3,4,4,3,31,2,23
1,1,1,1,1,3,1,1,1,1,12,2,19
2,2,1,1,2,2,1,1,3,1,16,1,33
4,4,1,1,1,1,3,3,1,1,20,1,54
3,3,3,2,4,4,3,2,3,4,31,2,21
2,1,1,2,4,4,4,3,4,4,29,1,18
0,3,1,2,2,3,3,4,3,3,24,2,27
2,2,2,3,4,4,4,4,1,4,30,1,19
2,1,2,2,1,2,1,1,0,3,15,1,32
1,3,3,2,2,3,3,3,3,3,26,1,21
2,3,3,1,3,4,1,3,4,2,26,2,18
2,4,4,4,4,4,4,4,4,4,38,2,22
2,3,3,3,3,4,3,3,3,4,31,1,34
2,3,3,2,1,2,2,4,1,1,21,1,21
2,1,1,1,1,2,1,1,2,2,14,1,18
1,2,1,1,1,1,1,1,1,1,11,1,20
1,3,4,4,4,4,4,4,4,4,36,1,27
3,2,2,1,2,4,3,3,3,3,26,1,37
4,4,4,4,4,4,4,4,1,4,37,1,23
1,1,1,1,1,3,1,2,2,1,14,1,53
2,2,1,1,4,4,2,4,4,2,26,1,20
3,2,3,1,4,3,3,2,2,2,25,2,22
4,3,1,3,3,3,1,1,3,1,23,1,28
2,2,2,2,2,2,2,2,2,1,19,1,18
3,3,2,2,2,3,4,4,4,4,31,1,43
1,1,1,1,1,2,1,1,1,1,11,2,18
2,2,3,1,2,4,2,2,4,4,26,1,56
3,3,4,1,4,4,2,2,3,3,29,1,35
2,4,4,3,3,4,4,3,0,4,31,1,30
3,4,4,4,3,4,4,4,4,4,38,1,31
3,4,2,4,1,2,2,4,3,1,26,1,26
2,2,2,3,1,2,1,3,1,1,18,1,35
2,4,3,4,2,2,3,4,4,2,30,2,49
4,4,4,4,4,4,3,3,4,3,37,1,25
2,3,3,2,4,4,4,3,4,4,33,1,17
1,1,2,2,1,2,2,1,3,1,16,1,44
2,4,3,3,3,4,1,2,1,4,27,1,22
4,3,3,2,2,2,2,2,3,4,27,1,55
2,3,3,4,2,2,3,3,2,2,26,1,29
1,1,1,2,1,3,1,1,2,1,14,1,48
4,1,1,1,1,4,2,1,1,4,20,1,34
3,2,2,1,3,0,4,2,4,3,24,1,57
3,2,1,1,2,3,3,3,2,1,21,2,28
1,1,1,1,2,3,1,1,1,2,14,1,29
2,1,1,1,2,2,1,1,3,4,18,2,20
2,2,2,2,2,4,1,1,1,2,19,1,52
2,2,2,3,2,4,3,3,1,4,26,2,33
2,2,2,2,1,3,2,2,3,3,22,2,44
4,3,4,3,3,4,2,3,4,4,34,1,22
1,3,3,3,3,3,3,2,1,2,24,1,35
2,2,4,2,4,4,3,4,4,4,33,2,28
1,1,1,1,1,1,1,1,1,1,10,1,32
3,2,4,2,4,4,2,3,2,4,30,2,27
3,4,4,4,3,4,3,3,4,4,36,1,29
1,2,2,2,1,2,1,1,1,1,14,1,25
2,1,1,2,2,0,2,2,3,4,19,2,29
3,2,0,1,2,4,2,2,2,2,20,1,34
2,2,2,1,2,3,3,2,2,2,21,1,28
2,2,3,3,4,4,3,3,4,4,32,1,40
1,1,1,1,1,3,1,2,1,1,13,2,37
2,2,2,2,2,3,2,2,2,2,21,1,50
2,2,2,2,2,2,2,2,2,2,20,1,22
1,1,1,1,1,3,3,1,3,2,17,2,42
4,4,4,3,4,4,2,4,4,4,37,2,22
1,2,2,1,1,4,1,1,1,4,18,1,36
1,1,1,1,1,2,1,1,2,1,12,2,29
1,2,2,2,3,1,3,3,3,1,21,2,17
2,4,1,2,2,2,3,2,2,3,23,1,42
2,1,1,1,1,1,1,1,2,2,13,1,30
3,2,3,4,1,4,2,2,3,4,28,1,39
1,2,1,1,1,4,1,1,1,1,14,1,39
2,2,2,2,3,4,3,3,3,3,27,2,26
2,2,1,1,3,3,2,3,3,3,23,2,40
2,1,2,2,1,2,1,1,2,1,15,1,24
1,1,2,1,3,4,1,2,3,3,21,1,21
2,3,3,1,1,4,3,2,4,3,26,1,45
1,1,1,1,1,4,1,2,4,1,17,1,32
2,2,2,1,4,4,4,4,4,4,31,1,45
2,2,2,3,3,4,3,3,2,4,28,1,48
2,1,1,1,2,4,2,1,2,2,18,2,19
1,1,1,1,1,2,1,2,2,1,13,1,61
1,1,2,2,1,3,3,2,2,2,19,1,35
1,1,2,1,1,1,1,2,3,1,14,1,29
4,4,2,3,4,3,4,4,2,2,32,1,25
3,2,2,2,2,3,4,2,3,4,27,2,22
2,2,2,2,2,1,2,2,2,2,19,1,31
1,2,1,1,1,2,1,1,1,1,12,1,45
1,1,1,2,2,3,1,1,1,4,17,1,26
2,3,2,1,2,2,2,2,2,3,21,2,38
1,1,2,2,1,2,1,1,1,2,14,1,19
2,1,3,1,1,2,2,1,1,4,18,1,40
1,3,2,2,3,2,4,4,4,3,28,1,47
2,4,3,3,4,3,3,3,4,3,32,1,17
2,2,3,3,3,3,2,2,3,2,25,1,41
3,3,1,2,1,2,2,2,2,4,22,1,34
4,2,2,2,3,4,3,4,3,4,31,1,20
1,1,1,1,1,2,1,1,2,2,13,1,38
1,1,1,1,1,2,1,1,2,1,12,2,21
1,1,1,1,1,2,1,2,1,1,12,2,21
1,1,2,2,3,3,1,1,2,1,17,2,22
2,2,3,1,4,1,3,4,3,2,25,1,21
3,3,4,3,4,4,4,4,4,3,36,1,38
1,1,0,2,2,1,1,1,3,2,14,2,20
4,4,3,1,2,3,1,2,2,3,25,1,37
1,2,2,1,1,2,1,1,1,1,13,1,60
1,2,1,1,1,3,1,1,1,1,13,2,21
3,1,1,1,2,4,2,2,3,2,21,1,31
4,4,3,1,4,3,4,4,4,4,35,1,23
2,1,3,2,4,4,4,4,2,4,30,1,37
3,3,3,2,1,3,2,2,3,1,23,1,44
1,1,1,1,1,2,1,1,2,2,13,1,27
2,3,4,3,2,1,3,3,3,3,27,1,25
1,3,1,4,4,2,4,4,4,3,30,1,19
2,2,2,2,2,4,3,2,4,3,26,1,36
4,4,4,4,3,4,2,4,3,4,36,1,28
2,2,2,1,2,2,2,2,2,4,21,1,33
1,2,1,2,1,2,1,2,1,1,14,1,32
1,1,1,1,1,2,1,1,1,1,11,1,40
2,1,2,2,3,4,2,2,3,3,24,2,23
3,3,2,1,2,2,3,3,4,1,24,1,21
3,3,2,2,1,2,2,2,2,3,22,2,26
4,4,4,4,4,4,4,4,4,4,40,2,35
1,1,1,1,3,3,3,3,3,2,21,1,47
3,3,3,2,2,4,2,2,4,2,27,2,25
4,2,3,2,3,4,3,3,3,4,31,1,20
4,3,3,3,3,4,3,3,3,4,33,1,34
2,2,2,2,2,3,2,2,3,3,23,1,40
2,2,3,3,4,4,3,3,4,4,32,2,20
1,1,1,1,1,3,1,1,1,1,12,1,21
1,1,1,1,1,3,1,1,1,1,12,1,21
1,2,3,3,3,4,2,3,3,2,26,2,20
4,4,3,2,4,4,3,3,2,2,31,1,48
0,2,2,3,2,2,3,3,3,4,24,1,28
2,2,2,1,1,2,2,2,2,2,18,1,25
3,4,2,2,2,4,3,2,1,4,27,1,33
4,4,2,3,3,2,2,4,4,4,32,1,28
2,1,1,1,1,4,1,1,1,1,14,1,30
1,1,1,1,1,3,1,1,2,1,13,2,20
4,4,4,4,4,4,4,4,4,0,36,1,45
4,4,4,4,4,4,4,4,4,4,40,1,24
3,2,3,2,4,4,3,3,2,3,29,2,33
1,1,1,1,1,1,1,1,1,1,10,1,23
3,2,2,2,2,1,2,3,3,3,23,1,42
2,2,1,2,2,4,1,4,3,4,25,1,23
4,3,1,1,2,4,3,4,3,1,26,2,23
3,3,3,2,1,4,4,3,4,4,31,1,25
2,3,2,1,3,4,2,3,1,4,25,1,24
2,3,3,3,2,3,3,3,3,4,29,1,22
3,2,2,1,1,4,1,2,2,0,18,1,43
3,2,1,1,1,3,2,2,2,3,20,1,20
1,2,1,1,3,3,3,1,3,1,19,1,18
4,4,4,3,3,3,3,3,3,4,34,2,30
2,3,2,2,3,4,4,4,4,2,30,2,23
1,1,1,1,1,1,1,1,1,1,10,2,20
3,2,4,1,3,4,1,2,2,4,26,1,42
2,2,3,3,3,4,3,4,4,4,32,2,26
1,1,1,1,2,2,1,1,1,2,13,1,23
4,2,2,2,2,2,3,2,2,3,24,1,35
1,1,1,1,1,4,1,1,1,1,13,2,21
1,2,2,2,2,2,3,2,2,1,19,1,23
4,2,1,1,2,4,2,3,3,4,26,1,67
2,1,2,2,1,4,2,2,2,1,19,1,38
3,2,2,2,2,4,2,2,1,4,24,1,37
4,1,1,1,1,4,1,1,4,1,19,2,29
3,3,3,3,3,4,3,4,4,3,33,1,25
1,1,2,2,4,4,0,3,4,4,25,1,26
2,2,3,3,2,3,3,2,3,2,25,1,22
4,4,4,4,4,4,1,4,4,4,37,1,41
2,2,2,1,2,3,1,1,2,2,18,1,23
1,1,1,1,1,2,1,2,1,3,14,1,22
1,1,1,1,1,1,1,1,2,1,11,1,25
2,3,3,3,1,4,2,2,3,4,27,2,21
0,2,2,2,3,4,1,1,0,2,17,1,49
3,3,3,3,2,4,2,2,3,2,27,1,43
4,4,3,2,2,4,4,4,2,3,32,1,32
2,3,2,3,2,1,2,4,2,1,22,1,43
3,3,1,1,2,3,3,3,3,4,26,1,46
1,2,2,1,1,2,4,3,3,1,20,1,21
2,1,1,1,1,4,2,2,4,4,22,1,20
1,2,2,3,3,3,3,3,3,3,26,1,22
4,4,3,3,3,4,3,4,4,4,36,1,42
1,1,1,1,1,4,1,1,4,1,16,2,17
1,1,1,1,1,1,1,1,1,1,10,1,53
1,1,1,1,1,1,1,1,1,1,10,3,123
4,2,1,1,1,3,2,2,3,4,23,1,32
4,4,4,2,4,4,3,4,4,3,36,1,27
1,2,2,1,3,4,3,3,3,2,24,1,25
4,3,2,2,3,4,4,4,4,4,34,1,27
1,1,2,1,1,3,1,1,1,3,15,1,31
1,1,1,1,2,3,1,2,3,2,17,1,44
2,2,2,1,3,3,1,2,3,2,21,1,35
2,1,1,1,1,3,1,1,2,2,15,1,29
1,1,1,1,1,2,1,1,2,1,12,1,53
1,1,1,1,1,2,1,1,1,1,11,2,20
4,2,2,2,4,4,2,3,1,4,28,2,22
3,3,2,1,2,3,2,2,4,1,23,2,41
1,2,2,1,4,4,4,4,4,4,30,2,23
1,1,1,1,1,2,1,1,1,1,11,1,22
2,1,2,1,1,2,1,1,1,2,14,1,36
4,4,4,4,4,4,4,4,4,1,37,1,36
4,2,4,4,4,4,4,2,1,4,33,2,25
2,2,3,1,2,3,3,3,1,3,23,1,28
1,1,1,1,1,1,1,1,1,1,10,2,23
4,2,3,1,3,4,3,3,2,4,29,1,34
4,3,3,3,2,4,2,3,3,4,31,2,38
2,2,1,1,1,1,1,1,2,1,13,1,25
4,3,4,3,3,3,3,4,4,4,35,1,23
1,1,1,1,1,4,2,2,1,2,16,1,45
2,3,3,1,4,4,3,3,4,4,31,1,50
4,4,4,3,4,4,4,4,1,4,36,2,27
2,2,1,2,2,4,2,1,3,3,22,1,35
2,4,1,1,1,2,2,2,1,1,17,1,53
3,2,3,1,2,4,3,3,2,4,27,1,33
1,2,2,2,3,2,2,2,2,2,20,1,22
3,2,4,3,2,3,2,4,4,2,29,2,27
1,3,4,0,2,4,3,3,4,1,25,1,58
3,4,4,4,3,4,0,3,4,1,30,2,32
2,3,3,3,3,3,3,3,3,3,29,1,33
1,1,1,1,1,3,1,1,1,1,12,2,20
1,1,1,1,1,2,1,1,2,1,12,1,25
3,2,2,2,2,3,2,2,3,3,24,1,35
2,2,1,2,4,3,2,2,2,4,24,2,30
1,1,1,1,1,2,1,1,1,1,11,2,21
3,4,3,2,3,4,4,3,4,4,34,1,31
3,2,1,2,2,4,3,3,4,2,26,2,25
1,2,2,2,2,3,3,3,3,2,23,1,37
3,3,3,2,3,4,3,3,4,1,29,1,60
1,1,1,1,1,3,2,3,3,2,18,1,26
1,1,1,1,1,1,1,1,1,1,10,1,55
4,3,2,3,1,4,2,2,3,3,27,2,30
2,1,1,1,1,2,1,1,1,1,12,1,38
2,2,2,1,1,2,1,1,1,2,15,1,23
1,2,3,1,3,3,2,3,3,4,25,1,23
1,1,1,1,1,2,1,1,1,1,11,1,22
4,4,3,3,4,4,3,2,4,4,35,1,49
4,4,4,2,3,4,3,4,4,4,36,2,22
3,3,3,2,3,3,1,3,2,3,26,1,26
4,4,2,4,2,4,2,2,1,3,28,1,24
3,3,3,2,2,4,2,2,3,2,26,1,33
2,1,1,1,3,4,3,2,2,2,21,2,28
4,3,4,3,2,3,1,1,2,4,27,2,31
4,4,4,3,3,4,3,4,4,3,36,2,43
1,1,1,2,2,4,4,2,1,1,19,2,20
3,4,4,4,4,4,4,4,4,4,39,2,31
4,2,3,2,1,2,1,2,1,1,19,1,30
1,4,2,2,4,2,4,4,4,3,30,1,52
3,1,1,1,2,2,2,1,3,3,19,1,23
2,1,1,2,2,2,1,2,1,4,18,1,30
4,4,3,1,2,4,2,2,3,4,29,1,46
2,1,1,1,2,2,1,2,2,2,16,1,55
1,2,1,3,2,1,2,2,1,3,18,1,20
3,2,2,2,2,3,1,1,2,2,20,1,23
1,1,1,1,1,1,1,1,1,1,10,2,32
2,1,1,1,1,2,1,1,1,1,12,1,25
2,2,4,1,1,3,2,3,2,4,24,2,34
2,3,3,3,3,3,3,3,3,3,29,1,34
2,1,1,1,2,1,1,1,2,1,13,2,28
1,1,1,1,1,4,2,1,1,3,16,2,15
2,1,1,1,4,4,4,1,1,1,20,1,15
3,3,2,3,2,3,3,3,1,3,26,1,27
4,3,4,4,3,4,3,3,0,4,32,2,39
2,2,2,1,1,1,1,2,1,1,14,1,46
1,2,1,1,1,2,1,1,1,3,14,1,16
1,1,1,1,1,2,1,1,1,1,11,2,30
4,1,2,1,2,3,2,2,3,4,24,1,45
1,1,2,1,1,2,1,1,1,2,13,1,26
2,2,2,2,4,4,4,4,3,3,30,2,23
2,2,2,0,3,3,2,3,3,3,23,2,30
1,2,1,1,2,2,1,1,3,2,16,1,21
2,2,3,3,1,3,2,2,2,4,24,1,31
3,3,3,3,2,3,3,2,3,4,29,1,45
4,2,4,2,2,4,2,2,2,4,28,1,33
3,2,2,1,2,4,1,1,1,4,21,1,23
1,1,1,2,1,3,1,2,3,2,17,2,35
4,4,4,3,2,4,4,4,3,4,36,1,19
1,2,3,3,4,4,0,2,4,3,26,1,20
3,1,3,1,3,3,1,1,2,2,20,1,26
3,4,2,4,4,3,2,3,3,2,30,2,21
1,1,1,1,1,2,1,1,1,1,11,1,39
2,3,3,3,1,2,4,3,4,3,28,2,25
1,1,1,2,2,4,1,2,2,2,18,2,25
1,2,1,2,1,2,1,1,1,1,13,2,26
3,3,4,4,3,4,3,3,2,4,33,2,19
1,2,2,1,1,2,1,1,1,1,13,2,26
2,0,1,1,3,4,2,4,0,2,19,1,19
1,1,1,1,1,2,1,1,1,1,11,1,24
3,3,3,3,3,2,3,3,3,2,28,2,51
2,3,3,2,3,4,3,4,3,2,29,1,36
2,2,2,2,1,1,1,1,1,1,14,1,47
1,3,2,1,2,4,2,2,3,1,21,2,21
3,2,4,3,2,4,4,4,4,4,34,2,44
3,3,4,4,4,4,4,4,3,4,37,1,37
4,2,1,3,2,0,1,3,1,4,21,1,26
1,1,1,1,1,2,1,1,1,1,11,1,44
1,1,1,1,1,2,1,2,3,1,14,2,18
1,3,1,1,2,1,1,1,1,4,16,2,61
2,3,3,2,4,4,2,3,3,2,28,1,18
2,2,2,2,1,3,1,1,2,3,19,1,27
3,4,4,4,3,4,3,4,4,2,35,2,31
2,2,2,1,3,4,4,3,3,3,27,1,23
2,1,2,1,1,4,1,1,1,2,16,1,24
4,3,1,2,1,2,3,3,1,1,21,2,24
3,4,4,4,3,4,4,4,4,4,38,3,23
3,3,3,3,3,4,2,2,3,4,30,1,60
1,3,3,3,3,3,3,3,3,1,26,1,40
2,3,2,2,1,2,2,3,4,3,24,1,25
4,2,2,4,3,4,4,2,3,4,32,2,43
1,1,1,1,1,2,1,1,1,1,11,1,26
1,1,2,1,4,3,2,2,2,2,20,1,25
2,1,1,1,1,3,1,1,2,2,15,1,22
4,4,4,4,4,4,4,4,4,4,40,2,21
2,1,1,3,2,4,2,1,2,1,19,1,25
3,3,3,3,3,3,3,3,3,3,30,1,25
2,2,1,1,1,2,3,2,1,2,17,1,44
1,1,1,1,2,3,1,2,4,1,17,2,18
2,2,1,1,1,4,3,3,1,1,19,2,28
2,3,2,2,1,2,1,2,3,1,19,1,20
2,3,1,1,1,3,3,2,3,2,21,1,27
4,4,4,4,1,4,3,4,4,4,36,1,40
1,2,3,2,1,4,4,4,4,4,29,1,15
2,2,2,2,1,3,2,2,1,2,19,1,61
1,1,1,2,2,3,3,3,2,2,20,1,46
4,4,4,2,4,4,4,4,4,3,37,2,38
3,4,2,2,2,4,2,2,4,3,28,2,23
4,4,4,4,4,4,4,4,4,4,40,2,58
3,2,3,2,3,4,2,3,1,4,27,1,38
4,4,4,3,4,4,4,4,4,4,39,1,36
4,4,1,1,4,4,4,4,3,3,32,1,33
2,2,1,1,1,2,2,1,2,1,15,1,51
4,2,1,2,1,3,2,2,2,1,20,2,22
2,3,2,2,2,3,2,3,2,4,25,1,22
1,2,2,1,1,2,4,2,2,2,19,1,38
3,3,2,2,3,3,2,3,3,3,27,1,47
1,2,1,3,1,4,2,2,3,4,23,1,66
2,2,2,2,1,3,1,2,1,1,17,1,37
2,2,1,2,1,3,1,1,2,3,18,0,56
3,3,3,2,3,3,4,4,3,2,30,1,40
3,2,2,3,3,3,3,4,4,3,30,1,34
1,2,4,2,3,4,4,4,3,1,28,1,15
2,1,1,2,2,4,2,2,1,1,18,2,23
2,1,1,2,3,1,1,2,1,4,18,2,30
4,4,4,4,4,4,4,4,4,2,38,1,32
1,1,1,2,1,2,2,1,1,1,13,2,33
4,4,4,4,4,4,4,4,3,4,39,1,27
2,3,3,3,2,4,3,2,3,1,26,2,27
3,4,4,2,3,3,2,3,4,2,30,1,21
4,4,2,1,2,4,2,2,2,4,27,1,38
1,1,1,1,1,1,1,1,1,4,13,1,45
2,3,3,3,3,4,3,4,4,4,33,1,42
3,2,2,3,2,2,3,2,2,3,24,1,48
2,1,2,1,2,2,1,2,2,1,16,2,18
3,4,4,3,3,3,2,4,3,4,33,1,20
4,2,3,3,4,3,1,2,1,4,27,2,23
3,3,4,1,3,3,3,2,4,4,30,1,18
2,1,1,1,1,0,0,1,2,3,12,1,20
3,3,2,2,3,4,1,2,4,4,28,1,41
4,4,4,4,4,4,4,4,4,4,40,1,37
3,3,3,3,1,2,3,3,3,1,25,2,34
2,1,1,1,1,2,1,2,1,1,13,1,28
2,3,1,2,2,3,2,4,3,3,25,1,23
1,1,1,1,1,1,1,1,1,4,13,1,17
2,2,2,2,1,3,3,2,3,1,21,1,45
4,4,2,2,3,4,2,4,2,4,31,1,26
2,2,2,2,2,3,2,2,3,4,24,2,21
1,1,1,2,1,1,1,1,1,1,11,2,36
1,1,1,1,1,1,1,1,1,1,10,2,27
4,3,4,3,3,4,3,4,4,4,36,2,30
1,1,1,1,1,1,1,2,2,1,12,1,21
3,3,3,3,3,3,1,2,2,1,24,1,33
4,4,4,4,4,4,4,4,4,4,40,1,37
3,3,2,1,4,4,2,3,3,4,29,1,27
1,1,4,1,4,4,1,2,1,1,20,1,20
4,4,2,4,3,4,1,1,3,3,29,1,21
2,1,1,1,4,4,1,2,1,3,20,1,43
2,3,2,1,1,2,1,2,3,2,19,1,57
1,4,3,2,1,3,3,4,4,1,26,1,23
4,3,3,2,2,4,4,3,3,2,30,1,28
3,3,3,1,2,4,1,2,2,4,25,1,35
4,4,2,3,4,3,3,4,4,4,35,2,22
4,3,2,2,4,4,3,4,4,2,32,2,40
1,1,1,1,1,3,1,1,2,1,13,1,50
4,3,3,2,4,4,2,4,4,3,33,1,41
4,3,0,3,4,4,1,1,1,4,25,1,23
1,1,1,1,3,4,2,3,3,1,20,2,19
3,2,2,1,2,4,1,1,4,4,24,1,35
3,3,3,2,4,3,3,3,3,2,29,2,27
4,3,4,4,4,4,3,3,2,4,35,1,26
4,4,4,4,4,4,4,4,4,4,40,2,50
4,4,4,1,1,4,2,2,1,4,27,1,46
3,3,0,2,2,3,3,3,3,3,25,1,64
2,1,2,2,1,1,1,1,2,3,16,1,18
4,4,2,4,4,4,4,4,4,4,38,1,27
3,1,2,1,1,4,1,1,3,4,21,1,30
2,1,1,1,2,3,2,1,1,3,17,1,15
1,2,3,1,2,4,1,2,4,1,21,1,18
3,2,2,1,1,4,1,3,1,4,22,1,46
4,4,4,3,2,4,3,3,4,4,35,1,25
3,2,3,4,2,4,2,2,3,3,28,1,42
2,1,2,1,2,4,2,2,1,3,20,1,39
1,1,2,1,2,3,1,1,3,1,16,1,52
1,3,2,1,4,4,2,1,3,4,25,1,27
2,1,1,1,1,2,1,1,1,1,12,1,20
4,2,1,1,3,3,2,2,3,4,25,2,46
1,1,1,1,2,4,1,1,2,1,15,2,16
3,4,4,3,3,4,3,3,4,2,33,1,34
2,1,1,2,0,4,2,2,1,3,18,1,32
1,2,2,3,1,4,1,1,4,1,20,2,28
1,1,1,1,3,4,2,2,3,2,20,1,20
2,4,2,2,4,2,4,2,2,2,26,1,52
1,1,1,1,1,4,1,2,4,1,17,2,25
1,2,2,1,1,2,1,1,3,3,17,2,25
4,3,4,4,4,4,3,3,4,4,37,2,27
4,1,3,4,4,4,3,3,1,4,31,1,21
1,1,2,1,1,2,1,1,1,1,12,2,18
4,4,4,2,2,4,3,4,4,4,35,2,26
4,3,3,2,3,4,4,3,3,3,32,1,28
4,4,4,4,4,2,4,3,4,3,36,1,20
0,3,3,2,4,4,4,4,4,4,32,1,17
2,2,3,3,4,4,4,4,4,4,34,1,55
2,2,1,1,1,3,1,2,1,3,17,1,25
3,4,1,1,1,2,1,1,4,4,22,2,37
1,1,2,1,1,2,1,2,1,1,13,1,28
1,1,1,1,1,2,1,1,1,3,13,1,19
1,2,4,2,4,4,4,4,4,2,31,1,44
2,3,4,3,4,4,4,4,4,3,35,1,27
2,2,1,1,1,2,1,1,1,1,13,1,37
4,4,4,4,4,4,2,4,4,4,38,1,37
3,3,4,2,2,3,3,2,2,2,26,1,35
2,3,3,2,1,2,2,2,3,2,22,1,23
1,1,1,1,2,3,1,2,2,2,16,1,21
1,3,3,2,2,4,3,4,4,1,27,1,21
1,1,1,1,1,1,1,1,1,1,10,1,14
1,1,1,1,2,3,3,3,4,2,21,1,24
4,1,3,4,2,4,1,2,1,4,26,1,73
1,1,1,1,4,4,2,3,4,3,24,1,27
3,3,3,3,4,4,4,4,4,4,36,1,50
2,2,2,1,1,4,1,1,1,4,19,2,35
1,1,1,1,1,2,1,1,1,2,12,1,46
1,1,1,2,2,2,1,2,2,4,18,1,28
4,4,3,3,4,4,4,4,4,3,37,2,55
2,3,1,1,1,4,3,4,3,4,26,1,22
1,1,2,1,2,3,1,1,1,1,14,1,28
2,1,1,1,2,2,2,2,4,1,18,1,24
2,2,2,2,2,3,3,3,2,4,25,1,26
4,4,2,2,3,3,3,3,3,4,31,2,23
2,2,1,1,1,4,1,1,1,2,16,0,21
2,1,1,2,2,1,1,1,3,1,15,1,23
1,2,2,1,4,3,2,2,2,4,23,1,26
1,2,2,2,3,3,2,2,3,3,23,1,30
2,1,2,2,2,3,1,1,1,3,18,1,21
1,3,3,3,4,3,4,4,3,2,30,1,19
2,2,2,2,3,4,3,3,3,2,26,1,20
4,4,4,4,4,4,3,3,2,3,35,1,64
4,4,4,4,4,4,3,4,4,2,37,1,40
1,2,3,3,3,3,3,3,2,1,24,1,51
4,2,2,1,2,3,2,3,4,3,26,2,27
4,3,2,3,2,3,2,2,2,4,27,1,24
1,1,2,2,1,3,1,1,1,1,14,2,22
2,2,2,2,2,3,3,3,3,3,25,1,45
4,3,3,2,2,4,3,3,4,4,32,1,35
2,2,2,2,2,2,1,2,1,1,17,1,19
2,1,1,1,2,2,2,2,2,1,16,1,29
1,3,1,1,3,3,3,3,3,1,22,2,23
3,3,2,1,4,4,3,4,4,3,31,1,17
2,2,2,1,3,2,2,1,2,1,18,1,31
3,1,2,1,2,3,1,2,2,4,21,1,23
3,3,3,2,4,4,1,2,1,4,27,2,23
4,4,4,3,2,3,1,2,3,4,30,1,55
1,1,2,1,1,4,1,2,2,4,19,2,21
3,2,3,2,2,4,1,1,3,4,25,1,18
1,2,2,1,2,2,1,2,2,2,17,1,22
1,1,1,1,1,2,1,1,3,2,14,1,16
0,2,2,1,3,3,3,3,3,3,23,1,31
2,2,2,1,3,2,2,3,2,2,21,2,18
2,2,2,2,2,4,2,2,4,3,25,1,40
4,4,3,1,4,4,4,4,3,4,35,1,18
1,3,1,1,1,2,1,1,1,2,14,1,49
2,2,3,3,2,3,1,1,1,2,20,1,24
4,2,4,2,4,4,2,3,4,4,33,1,37
3,4,4,4,3,2,4,4,4,3,35,1,22
2,3,3,3,2,3,4,4,4,1,29,1,25
2,2,3,2,3,4,3,3,4,2,28,1,22
4,2,4,3,4,4,4,4,4,1,34,2,18
4,4,4,4,4,4,4,4,4,4,40,1,41
2,1,2,1,1,4,1,1,1,1,15,1,39
2,2,1,1,2,2,2,2,1,2,17,1,35
1,1,1,1,1,2,2,1,2,1,13,1,36
2,2,2,2,2,4,1,2,1,3,21,1,30
4,4,4,4,4,4,4,4,4,4,40,1,35
1,1,1,1,1,2,1,1,1,1,11,2,19
1,1,2,1,1,1,1,2,1,2,13,1,19
4,3,3,2,1,4,3,3,4,1,28,1,38
1,2,3,4,4,4,3,2,1,1,25,1,21
3,2,2,2,2,3,2,2,3,2,23,1,26
2,2,1,1,2,2,2,1,3,3,19,1,33
3,2,1,2,2,3,2,3,4,4,26,2,19
4,4,4,4,3,4,4,3,4,3,37,1,37
2,1,2,2,3,4,2,1,4,3,24,2,21
4,2,2,1,1,3,1,1,3,2,20,1,39
3,2,3,1,3,3,3,3,3,3,27,1,20
2,1,2,1,2,1,1,1,1,1,13,1,37
2,3,3,1,1,3,2,2,3,4,24,1,22
1,2,3,3,3,4,3,3,3,2,27,2,41
2,1,2,1,3,3,2,2,3,2,21,3,40
3,3,2,2,2,3,3,2,2,3,25,1,29
4,4,2,2,1,3,1,2,1,1,21,1,28
4,4,4,4,4,4,4,4,4,4,40,2,25
4,4,4,2,2,4,4,4,4,1,33,2,47
1,1,1,1,2,2,1,1,3,3,16,2,21
2,3,3,2,1,2,1,1,1,2,18,2,53
2,2,2,1,3,4,4,2,4,3,27,1,40
2,2,2,1,2,4,2,2,4,1,22,2,19
3,3,4,4,3,3,2,2,3,1,28,1,35
2,2,2,3,3,3,2,3,2,1,23,1,32
4,2,2,1,2,2,2,2,2,1,20,1,36
2,1,1,2,1,2,1,1,1,1,13,2,22
1,2,2,1,1,4,1,2,1,2,17,1,36
3,3,3,3,2,3,3,2,2,2,26,1,27
1,2,1,2,3,3,1,2,1,1,17,2,18
3,3,3,1,2,4,3,2,3,4,28,3,24
4,4,2,1,1,1,1,2,1,2,19,2,25
3,3,3,2,2,4,2,3,1,1,24,1,17
4,3,4,3,4,2,4,3,4,4,35,1,24
1,1,2,1,1,2,2,1,1,2,14,1,23
3,2,3,4,4,4,3,3,3,2,31,2,40
2,2,2,2,1,3,1,1,1,2,17,1,29
2,3,1,2,3,4,3,1,4,2,25,1,34
3,2,1,1,3,3,2,2,1,3,21,1,54
4,4,4,1,1,4,1,2,2,1,24,1,33
3,3,3,4,1,3,2,2,2,2,25,1,50
1,2,2,3,1,3,2,2,3,1,20,1,24
3,3,3,3,2,4,2,2,2,3,27,1,61
4,1,1,1,1,2,1,1,1,1,14,1,41
3,3,3,1,3,4,1,1,1,1,21,2,45
2,2,2,3,2,3,4,3,3,3,27,1,22
1,1,2,2,1,2,1,1,1,2,14,1,24
1,1,1,1,3,1,1,2,1,1,13,1,19
3,4,2,2,3,3,2,3,3,4,29,1,21
3,2,1,1,1,2,1,1,1,3,16,1,38
3,3,3,4,4,4,3,4,4,3,35,1,30
2,2,2,2,2,2,1,1,2,1,17,1,26
2,1,3,2,3,4,1,1,1,3,21,2,26
1,1,1,1,1,2,1,1,1,2,12,2,37
4,3,2,1,2,4,2,2,4,4,28,2,24
1,1,1,1,1,2,1,1,1,2,12,1,31
2,1,1,1,3,3,2,1,3,2,19,2,21
2,2,1,1,3,4,3,4,4,2,26,1,45
1,2,2,1,2,1,1,1,1,2,14,2,60
2,1,1,1,1,2,1,1,2,2,14,1,28
1,1,2,1,1,3,2,1,2,1,15,2,21
2,2,1,1,1,2,2,2,1,1,15,2,30
4,2,2,3,3,4,2,2,3,2,27,1,33
4,4,3,3,4,4,4,4,4,4,38,2,28
1,1,2,2,2,2,1,1,1,2,15,1,41
2,2,2,2,2,3,2,3,2,3,23,1,40
2,1,1,1,2,4,2,1,1,2,17,2,25
1,1,1,1,1,2,1,1,3,1,13,2,32
2,2,2,2,2,2,2,2,1,3,20,1,42
1,1,1,1,1,1,1,1,1,1,10,2,18
4,3,3,2,3,4,3,1,3,2,28,2,77
3,3,3,3,4,4,4,4,4,2,34,1,35
1,2,2,1,1,3,2,2,1,1,16,1,60
1,1,2,0,1,3,1,1,1,3,14,1,20
1,1,1,2,3,3,3,3,3,2,22,2,22
3,4,4,3,3,4,3,4,3,4,35,2,21
4,4,4,4,3,3,4,4,3,2,35,1,39
2,2,4,4,4,4,4,4,4,4,36,2,33
4,4,4,4,4,4,4,4,4,4,40,2,14
2,2,4,2,1,4,3,3,4,4,29,1,19
2,1,1,1,1,3,2,2,4,4,21,2,27
2,2,3,2,1,3,2,1,1,3,20,1,39
1,1,1,1,1,4,1,1,1,4,16,2,34
3,2,1,1,2,2,4,3,2,2,22,2,24
2,2,2,2,1,3,3,3,3,3,24,1,33
2,3,2,2,2,4,4,3,4,4,30,1,33
1,1,3,2,2,3,2,4,4,4,26,1,31
1,1,2,2,3,2,3,2,1,3,20,1,18
2,3,3,1,3,4,2,4,4,3,29,2,18
1,1,1,2,4,4,4,4,4,1,26,2,19
4,4,4,4,4,4,4,3,4,3,38,1,24
3,1,2,2,3,3,1,1,3,4,23,1,21
1,2,1,2,2,3,2,2,1,3,19,1,33
2,4,3,4,2,2,2,2,2,4,27,1,37
3,2,2,3,3,3,3,3,2,3,27,2,24
4,3,1,2,4,4,2,2,1,3,26,1,24
4,4,2,4,2,1,4,4,1,1,27,2,24
4,4,3,1,2,4,2,2,2,1,25,1,41
3,3,3,4,4,2,4,4,2,3,32,1,22
2,4,3,2,3,4,2,3,3,4,30,1,41
4,4,4,3,2,4,3,2,3,4,33,1,25
2,2,3,4,4,3,2,4,4,4,32,2,14
1,1,1,1,1,2,1,1,1,2,12,2,27
1,1,1,4,4,4,2,2,2,1,22,2,27
2,3,1,1,4,4,4,3,3,3,28,2,19
2,2,2,1,1,2,1,1,2,3,17,1,50
4,3,4,3,1,4,3,3,3,4,32,1,32
2,3,1,1,1,2,3,4,4,1,22,1,22
3,4,3,3,2,2,3,3,3,3,29,1,51
2,3,2,2,1,3,1,1,2,1,18,1,26
2,2,2,2,2,3,3,2,3,2,23,2,29
2,1,2,2,4,4,1,4,4,4,28,1,29
3,4,3,1,2,4,3,2,1,4,27,1,36
3,3,3,2,2,2,2,1,3,2,23,1,28
3,3,3,4,2,4,3,4,4,3,33,2,27
4,4,4,4,3,4,4,4,4,3,38,1,37
1,1,1,1,4,4,4,4,4,4,28,1,28
4,4,4,4,4,4,4,4,4,3,39,2,20
3,4,4,1,3,4,4,4,3,2,32,2,24
1,1,1,1,3,3,2,2,2,1,17,1,29
1,1,2,1,2,3,1,1,1,3,16,1,17
2,2,4,2,2,3,2,3,4,4,28,1,30
4,3,3,2,1,3,2,3,3,3,27,2,32
2,2,1,1,1,2,2,2,2,2,17,1,48
2,1,1,1,1,2,1,1,1,2,13,2,39
4,4,4,3,2,4,3,3,2,1,30,2,22
4,3,4,4,4,2,3,3,2,4,33,2,30
2,2,1,2,1,3,1,1,1,2,16,2,30
4,4,4,3,2,4,3,3,0,4,31,1,30
3,3,3,2,3,4,3,2,3,4,30,1,41
4,4,4,3,3,3,4,4,4,4,37,1,20
3,4,4,3,4,4,2,4,1,3,32,1,17
2,2,1,1,3,4,2,3,3,4,25,2,32
2,1,1,1,2,2,4,3,2,1,19,1,60
2,4,4,4,3,4,3,4,4,4,36,1,35
1,1,2,1,1,2,1,2,2,2,15,2,25
1,1,1,1,1,3,1,1,1,2,13,1,30
4,2,3,1,2,1,1,2,1,1,18,1,22
2,4,3,3,4,4,4,4,4,1,33,1,16
3,3,2,1,3,2,2,2,3,3,24,1,31
1,3,1,1,3,4,3,3,2,1,22,1,19
4,3,2,3,3,4,4,4,4,4,35,1,24
2,1,2,2,2,3,2,2,2,2,20,1,30
4,2,2,3,2,4,2,3,3,4,29,1,61
3,2,2,2,1,4,1,1,3,4,23,1,30
2,2,2,1,1,4,1,2,3,1,19,1,41
4,2,2,1,1,4,3,1,1,1,20,1,39
2,3,2,2,1,4,2,3,2,1,22,1,19
1,1,1,1,1,1,1,1,1,1,10,2,69
4,4,4,4,4,4,3,4,4,3,38,2,41
4,4,3,2,2,1,1,3,2,2,24,2,51
4,4,4,2,4,4,4,4,4,4,38,2,33
3,2,3,1,1,2,1,2,3,3,21,1,43
4,4,4,4,2,4,3,2,3,2,32,1,38
2,3,3,1,4,2,4,3,4,4,30,1,28
1,1,1,1,1,3,2,2,1,1,14,1,28
1,1,1,1,2,4,1,1,4,2,18,2,47
2,3,3,2,3,3,2,2,1,2,23,1,20
1,3,2,2,1,4,4,2,2,1,22,1,24
1,2,2,1,2,4,2,1,4,2,21,1,48
2,2,1,1,2,2,1,1,1,1,14,2,22
3,3,4,3,4,4,4,4,4,3,36,1,23
3,2,1,1,2,1,1,1,1,1,14,1,21
2,1,1,2,1,3,2,3,3,3,21,1,20
3,3,4,4,2,4,3,3,1,1,28,1,33
3,2,3,3,1,4,1,3,4,4,28,1,42
3,2,2,1,2,3,2,2,4,3,24,1,56
3,4,4,3,4,4,3,3,1,3,32,1,22
2,1,3,1,1,2,2,2,1,2,17,2,26
3,2,4,3,4,4,2,2,1,3,28,2,23
3,2,3,2,1,4,2,3,2,2,24,2,24
3,2,3,2,3,4,4,3,3,2,29,1,54
2,2,2,1,2,3,2,1,1,4,20,1,25
4,3,3,3,1,4,3,2,1,3,27,1,32
2,2,1,2,3,2,2,2,1,2,19,2,35
3,4,2,3,4,4,4,4,4,4,36,1,31
4,3,2,1,2,3,2,2,1,4,24,1,63
1,1,1,1,1,1,1,1,1,1,10,2,39
2,3,4,3,4,4,4,4,4,4,36,1,18
2,2,2,1,3,3,2,1,4,2,22,2,21
3,3,2,2,1,2,1,2,1,4,21,1,15
3,4,3,2,4,3,2,2,3,4,30,1,19
3,4,4,2,1,4,2,3,4,4,31,2,16
2,1,3,1,2,3,1,3,3,2,21,1,18
1,3,3,1,3,4,3,3,4,1,26,1,20
2,2,1,2,1,2,1,1,1,1,14,1,18
4,4,4,4,4,4,4,4,4,4,40,2,21
1,1,1,1,1,2,1,1,2,1,12,1,19
2,2,3,3,3,3,3,3,3,4,29,1,46
1,2,2,1,3,2,2,2,2,1,18,2,24
1,1,1,1,1,1,1,1,1,1,10,2,32
2,2,2,2,2,3,2,2,2,2,21,1,35
1,3,3,2,3,4,4,4,4,1,29,2,29
2,3,2,2,3,4,3,2,3,3,27,2,20
3,3,3,1,2,4,2,3,2,3,26,1,44
3,4,2,3,3,3,3,3,3,2,29,1,42
1,1,2,1,1,4,1,1,3,3,18,1,27
1,1,1,1,1,1,1,1,1,1,10,2,20
1,1,1,1,1,2,3,3,4,0,17,1,27
1,1,1,1,1,4,1,1,1,1,13,1,17
3,2,2,1,4,4,4,3,1,4,28,1,29
3,3,2,2,2,4,1,2,3,4,26,1,29
4,4,4,4,4,4,4,4,4,4,40,1,25
3,3,4,4,3,4,2,3,1,2,29,2,19
2,1,2,2,1,3,1,1,1,1,15,1,25
4,2,2,1,1,1,2,2,2,2,19,1,18
3,1,1,1,1,2,1,1,1,1,13,2,22
2,1,1,1,1,3,1,1,2,1,14,1,21
3,4,1,2,1,2,2,2,2,1,20,2,23
1,2,3,1,2,4,2,3,4,1,23,2,42
4,4,4,4,4,4,4,4,4,4,40,1,41
3,3,3,2,2,3,2,3,3,4,28,1,54
2,2,1,1,3,2,2,2,2,0,17,2,20
4,1,1,2,3,1,1,1,1,1,16,2,26
1,2,1,2,1,2,2,2,3,1,17,2,26
4,3,3,3,1,4,2,2,1,3,26,1,44
4,4,4,4,4,4,4,4,4,4,40,1,26
1,1,1,1,1,3,1,1,1,1,12,2,46
4,4,2,1,3,4,4,4,4,2,32,1,47
2,2,2,3,2,2,4,2,2,1,22,1,18
2,3,2,1,1,3,1,2,3,1,19,1,22
3,3,3,2,4,4,3,4,4,3,33,2,17
1,1,1,1,1,2,1,1,1,1,11,1,25
4,3,1,3,1,4,1,1,2,4,24,2,23
2,4,3,3,4,4,4,2,3,4,33,1,21
3,3,4,3,4,4,3,4,3,4,35,1,36
1,1,1,1,1,1,1,1,1,1,10,1,49
1,1,1,1,1,2,1,1,1,2,12,1,35
3,2,3,4,4,4,4,4,4,4,36,1,31
1,1,1,1,1,2,1,1,1,1,11,1,29
3,2,2,1,4,4,2,3,2,2,25,1,45
4,4,4,3,3,3,4,4,4,4,37,1,66
2,4,2,2,1,3,1,2,2,4,23,1,27
4,2,1,1,3,1,3,4,2,3,24,2,30
1,1,3,2,2,3,1,3,2,4,22,1,16
4,4,4,4,2,4,3,2,2,2,31,1,30
3,2,2,2,4,4,4,4,4,2,31,1,26
3,1,4,4,2,4,2,4,4,4,32,2,24
2,1,2,1,2,3,2,2,2,1,18,1,23
4,3,3,2,2,4,3,3,3,4,31,2,33
3,2,1,2,3,4,3,3,3,4,28,1,18
2,2,2,1,2,4,2,2,4,4,25,1,31
3,2,2,3,4,3,3,2,2,4,28,1,29
2,3,3,1,1,4,2,1,3,3,23,1,39
1,1,1,1,1,2,1,2,1,1,12,1,17
2,1,1,1,1,2,2,1,2,2,15,1,28
4,4,4,1,4,4,4,4,1,4,34,1,28
3,3,2,2,4,4,2,3,2,4,29,1,14
2,1,1,2,1,3,2,2,1,1,16,1,40
2,1,3,2,1,4,1,0,1,3,18,1,29
2,2,2,2,4,4,2,3,3,4,28,2,21
1,1,1,1,1,2,1,1,1,1,11,2,46
1,1,1,1,1,3,1,1,1,1,12,2,29
3,2,4,4,4,4,4,4,4,2,35,2,36
2,2,2,1,2,4,3,3,4,1,24,1,23
2,3,3,4,1,4,2,4,4,4,31,1,34
1,1,1,2,1,3,1,1,1,2,14,1,26
2,3,3,1,1,3,2,3,4,3,25,1,40
2,2,0,2,3,3,2,2,3,3,22,1,27
2,2,2,1,2,2,2,2,3,3,21,1,28
4,3,3,0,3,4,3,3,3,1,27,1,72
3,4,4,3,4,4,4,4,4,4,38,1,29
3,2,3,2,2,3,2,2,3,2,24,2,22
3,3,3,2,4,4,3,3,4,4,33,1,58
4,4,3,3,4,4,3,3,4,3,35,2,27
3,3,4,2,3,4,3,2,3,4,31,2,25
4,3,2,2,2,2,3,3,4,3,28,1,49
3,1,2,1,4,4,2,2,3,4,26,2,25
1,1,1,1,2,3,2,1,2,3,17,1,38
1,2,2,2,2,2,2,2,2,2,19,1,34
1,1,1,1,1,2,1,1,2,2,13,1,60
2,3,3,2,2,4,2,2,3,4,27,1,24
3,2,1,4,2,4,4,4,4,4,32,1,24
4,4,4,4,4,4,4,4,4,2,38,1,26
2,1,1,1,1,1,2,1,1,4,15,2,46
2,1,1,1,1,2,1,1,2,2,14,1,31
3,3,3,2,3,2,3,2,2,3,26,1,35
3,3,3,3,3,3,3,3,3,3,30,1,38
4,3,2,1,2,3,3,3,3,1,25,1,28
0,0,0,0,0,0,0,0,0,0,0,2,36
1,1,1,1,1,2,1,1,2,4,15,1,51
2,4,4,4,4,4,4,4,4,4,38,2,29
3,3,4,3,3,4,4,3,3,2,32,1,24
1,1,2,3,3,4,1,1,2,2,20,2,25
2,2,2,1,3,4,4,4,3,3,28,2,25
1,2,4,3,1,1,1,1,1,1,16,1,20
4,3,3,2,4,4,2,3,1,4,30,1,18
1,3,2,2,1,2,1,3,2,1,18,1,25
3,2,2,3,4,2,3,2,3,4,28,2,38
3,0,3,1,2,3,3,3,3,3,24,1,47
2,2,3,2,2,4,4,4,3,3,29,2,58
1,3,3,4,4,4,4,3,4,2,32,1,25
2,2,2,1,3,4,3,3,4,2,26,1,32
2,2,3,3,2,4,3,3,4,2,28,1,40
2,1,2,1,1,2,1,1,2,1,14,1,19
2,1,2,1,1,4,1,1,3,2,18,1,19
1,2,2,2,4,4,4,4,4,4,31,1,21
2,1,1,1,2,2,1,3,2,2,17,2,26
3,2,3,2,4,4,3,3,3,3,30,2,43
2,4,3,2,1,4,2,3,2,4,27,2,32
1,2,2,2,2,3,1,1,2,2,18,1,19
4,4,4,4,2,3,4,3,4,1,33,1,38
2,1,1,2,1,2,1,2,1,2,15,1,22
4,4,4,3,3,4,4,4,4,3,37,1,49
2,1,2,1,1,2,2,1,1,1,14,1,44
3,2,2,2,2,4,2,3,3,3,26,1,30
2,1,2,1,3,4,3,4,4,4,28,2,40
